INSERT INTO SS_categories (categoryID, name, parent, products_count, description, picture, products_count_admin) VALUES ('1', 'Àâòîìîáèëè', '0', '2', '', 'C1_jaguar.jpg', '0');
INSERT INTO SS_categories (categoryID, name, parent, products_count, description, picture, products_count_admin) VALUES ('2', 'Ñîòîâàÿ ñâÿçü', '0', '23', 'Çäåñü ìîæíî íàéòè òåëåôîíû è àêñåññóàðû ê íèì', 'C2_cphone.jpg', '0');
INSERT INTO SS_categories (categoryID, name, parent, products_count, description, picture, products_count_admin) VALUES ('3', 'Ñïîðò', '0', '5', '', 'C3_RBaccess.jpg', '0');
INSERT INTO SS_categories (categoryID, name, parent, products_count, description, picture, products_count_admin) VALUES ('4', 'Àóäèî / Âèäåî', '0', '3', '', 'C4_cplayer.jpg', '0');
INSERT INTO SS_categories (categoryID, name, parent, products_count, description, picture, products_count_admin) VALUES ('5', 'Íàïèòêè', '0', '1', '', 'C5_svetly_lezak.gif', '0');
INSERT INTO SS_categories (categoryID, name, parent, products_count, description, picture, products_count_admin) VALUES ('8', 'Mercedes', '1', '0', 'Ïîæàëóé, ñàìûå ðåñïåêòàáåëüíûå àâòîìîáèëè â ìèðå', '', '0');
INSERT INTO SS_categories (categoryID, name, parent, products_count, description, picture, products_count_admin) VALUES ('9', 'Toyota', '1', '1', '', '', '1');
INSERT INTO SS_categories (categoryID, name, parent, products_count, description, picture, products_count_admin) VALUES ('12', 'Ðîëèêè', '3', '2', '', '', '3');
INSERT INTO SS_categories (categoryID, name, parent, products_count, description, picture, products_count_admin) VALUES ('13', 'Ñíîóáîðäû', '3', '3', '', '', '3');
INSERT INTO SS_categories (categoryID, name, parent, products_count, description, picture, products_count_admin) VALUES ('14', 'Samsung', '2', '4', '', '', '4');
INSERT INTO SS_categories (categoryID, name, parent, products_count, description, picture, products_count_admin) VALUES ('15', 'Ericsson', '2', '3', '', '', '4');
INSERT INTO SS_categories (categoryID, name, parent, products_count, description, picture, products_count_admin) VALUES ('16', 'Àêñåññóàðû', '17', '0', '', '', '0');
INSERT INTO SS_categories (categoryID, name, parent, products_count, description, picture, products_count_admin) VALUES ('17', 'Nokia', '2', '11', '', '', '11');
INSERT INTO SS_categories (categoryID, name, parent, products_count, description, picture, products_count_admin) VALUES ('18', 'Siemens', '2', '5', '', '', '5');
INSERT INTO SS_categories (categoryID, name, parent, products_count, description, picture, products_count_admin) VALUES ('19', 'Àêñåññóàðû', '14', '0', '', '', '0');
INSERT INTO SS_categories (categoryID, name, parent, products_count, description, picture, products_count_admin) VALUES ('20', 'DVD', '4', '1', '', '', '1');
INSERT INTO SS_categories (categoryID, name, parent, products_count, description, picture, products_count_admin) VALUES ('21', 'mp3-ïëååðû', '4', '2', '', '', '2');
INSERT INTO SS_categories (categoryID, name, parent, products_count, description, picture, products_count_admin) VALUES ('23', 'Êíèãè', '0', '3', '', 'C23_pic_gifts.gif', '0');
INSERT INTO SS_categories (categoryID, name, parent, products_count, description, picture, products_count_admin) VALUES ('24', 'Lexus', '1', '1', '', '', '1');
INSERT INTO SS_categories (categoryID, name, parent, products_count, description, picture, products_count_admin) VALUES ('25', 'Îäåæäà', '0', '3', '', 'C25_clothes.jpg', '0');
INSERT INTO SS_categories (categoryID, name, parent, products_count, description, picture, products_count_admin) VALUES ('27', 'Êîìïüþòåðû', '0', '0', '', 'C27_comp.gif', '0');
INSERT INTO SS_categories (categoryID, name, parent, products_count, description, picture, products_count_admin) VALUES ('38', 'Çèìíÿÿ', '25', '1', '', '', '1');
INSERT INTO SS_categories (categoryID, name, parent, products_count, description, picture, products_count_admin) VALUES ('39', 'Ëåòíÿÿ', '25', '1', '', '', '1');
INSERT INTO SS_categories (categoryID, name, parent, products_count, description, picture, products_count_admin) VALUES ('40', 'Äîìàøíÿÿ', '25', '1', '', '', '1');
INSERT INTO SS_categories (categoryID, name, parent, products_count, description, picture, products_count_admin) VALUES ('46', 'Àëêîãîëüíûå', '5', '0', '', '', '0');
INSERT INTO SS_categories (categoryID, name, parent, products_count, description, picture, products_count_admin) VALUES ('47', 'Áåçàëêîãîëüíûå', '5', '1', '', '', '1');
INSERT INTO SS_categories (categoryID, name, parent, products_count, description, picture, products_count_admin) VALUES ('51', 'Íîóòáóêè', '27', '0', '', '', '0');
INSERT INTO SS_categories (categoryID, name, parent, products_count, description, picture, products_count_admin) VALUES ('57', 'ÊÏÊ', '27', '0', '', '', '0');
INSERT INTO SS_categories (categoryID, name, parent, products_count, description, picture, products_count_admin) VALUES ('58', 'Ïåðñîíàëüíûå', '27', '0', '', '', '0');
INSERT INTO SS_categories (categoryID, name, parent, products_count, description, picture, products_count_admin) VALUES ('63', 'Lotus', '1', '0', '', '', '0');
INSERT INTO SS_categories (categoryID, name, parent, products_count, description, picture, products_count_admin) VALUES ('64', 'Lamborghini', '1', '0', '', '', '0');
INSERT INTO SS_categories (categoryID, name, parent, products_count, description, picture, products_count_admin) VALUES ('71', 'Ãàððè Ïîòòåð', '23', '1', 'êíèãè î Ãàððè Ïîòòåðå', '15794s.jpg', '1');
INSERT INTO SS_categories (categoryID, name, parent, products_count, description, picture, products_count_admin) VALUES ('72', 'Äèçàéí', '23', '0', '', '', '0');
INSERT INTO SS_categories (categoryID, name, parent, products_count, description, picture, products_count_admin) VALUES ('73', 'Ïðîãðàììèðîâàíèå', '23', '2', '', '', '2');
INSERT INTO SS_categories (categoryID, name, parent, products_count, description, picture, products_count_admin) VALUES ('74', 'Êëàññè÷åñêàÿ', '25', '0', '', '', '0');
INSERT INTO SS_categories (categoryID, name, parent, products_count, description, picture, products_count_admin) VALUES ('75', 'Ìóëüòèìåäèà', '27', '0', '', '', '0');
INSERT INTO SS_categories (categoryID, name, parent, products_count, description, picture, products_count_admin) VALUES ('76', 'Äîìàøíèå êèíîòåàòðû', '4', '0', '', '', '0');
INSERT INTO SS_categories (categoryID, name, parent, products_count, description, picture, products_count_admin) VALUES ('77', 'Âåëîñèïåäû', '3', '0', '', '', '0');
INSERT INTO SS_categories (categoryID, name, parent, products_count, description, picture, products_count_admin) VALUES ('80', 'Ìîíèòîðû', '27', '0', '', '', '0');
INSERT INTO SS_categories (categoryID, name, parent, products_count, description, picture, products_count_admin) VALUES ('81', 'TFT', '80', '0', '', '', '0');
INSERT INTO SS_categories (categoryID, name, parent, products_count, description, picture, products_count_admin) VALUES ('82', 'Samsung', '81', '0', '', '', '0');
INSERT INTO SS_categories (categoryID, name, parent, products_count, description, picture, products_count_admin) VALUES ('83', 'GoldStar', '81', '0', '', '', '0');
INSERT INTO SS_products (productID, categoryID, name, description, customers_rating, Price, picture, in_stock, thumbnail, customer_votes, items_sold, show_as_special_offer, big_picture, enabled, brief_description, list_price, product_code) VALUES ('1', '9', 'Toyota Land Cruiser 100', 'Âíåäîðîæíèê îò Toyota!', '4.09091', '70000', '1_L2.jpg', '4', '1_L1.jpg', '11', '13', '0', '1_L0.jpg', '1', '', '0', '');
INSERT INTO SS_products (productID, categoryID, name, description, customers_rating, Price, picture, in_stock, thumbnail, customer_votes, items_sold, show_as_special_offer, big_picture, enabled, brief_description, list_price, product_code) VALUES ('4', '24', 'Lexus GS300', 'Ìîäåëü GS300.

















Ñðîäíè Mercedes E-êëàññó', '4.28889', '49000', '4_gs300072.jpg', '6', '4_gs300071.jpg', '9', '4', '0', '4_gs30007.jpg', '1', '', '51000', '');
INSERT INTO SS_products (productID, categoryID, name, description, customers_rating, Price, picture, in_stock, thumbnail, customer_votes, items_sold, show_as_special_offer, big_picture, enabled, brief_description, list_price, product_code) VALUES ('6', '13', 'BURTON Balance', '', '5', '640', '848_Bur_Bal_157,5_m.gif', '10', '491_Bur_Bal_157,5_m_small.jpg', '2', '0', '0', '', '1', '', '0', '');
INSERT INTO SS_products (productID, categoryID, name, description, customers_rating, Price, picture, in_stock, thumbnail, customer_votes, items_sold, show_as_special_offer, big_picture, enabled, brief_description, list_price, product_code) VALUES ('7', '14', 'Samsung R200', '<p>Ðàçìåðû: 113x48x22 ìì ñî ñòàíäàðòíîé áàòàðååé<br>





Âåñ: 99/97 ã. ñî ñòàíäàðòíîé áàòàðååé</p>





Âðåìÿ ðàáîòû:<br>





- Â ðåæèìå îæèäàíèÿ: äî 150 ÷àñîâ<br>





- Â ðåæèìå ðàçãîâîðà: äî 6 ÷àñîâ<br>





Àêòèâíûé ôëèï (R200)<br>





<font color=purple>MMS</font> - Âîçìîæíîñòü îòïðàâëÿòü è ïðèíèìàòü ìóëüòèìåäèéíûå ñîîáùåíèÿ ñ êàðòèíêàìè è àíèìàöèåé, à òàêæå îáìåíèâàòüñÿ ìåëîäèÿìè äëÿ âõîäÿùèõ çâîíêîâ!<br><br>





<a class=small href="http://www.sotovik.ru">





Ïîäãîòîâëåíî ïî ìàòåðèàëàì "Ñîòîâèê"





www.sotovik.ru 





</a>', '2', '135', '821_sghr200.jpg', '10', '0', '2', '0', '0', '', '1', '', '0', '');
INSERT INTO SS_products (productID, categoryID, name, description, customers_rating, Price, picture, in_stock, thumbnail, customer_votes, items_sold, show_as_special_offer, big_picture, enabled, brief_description, list_price, product_code) VALUES ('8', '14', 'Samsung N100', 'Ðàçìåðû: 105x42x17.5 ìì ñî ñòàíäàðòíîé áàòàðååé<br>





Âåñ: 83 ã. ñî ñòàíäàðòíîé áàòàðååé<br>





Âðåìÿ ðàáîòû:<br>





(Slim 500 mAh / Standard Li-Ion 800 mAh )<br>





- Â ðåæèìå îæèäàíèÿ: äî 55/90 ÷àñîâ<br>





- Â ðåæèìå ðàçãîâîðà: äî 2.5/3.5 ÷àñîâ<br>





Àêòèâíûé ôëèï<br>





Ãðàôè÷åñêèé âûñîêîêîíòðàñòíûé äèñïëåé :<br>





128 x 64 ïèêñåëÿ





4 ñòðîêè x 16 ñèìâîëîâ  + ñòðîêà èêîíîê<br>





3 ðàçìåðà øðèôòà<br><br>





<a class=small href="http://www.sotovik.ru">





Ïîäãîòîâëåíî ïî ìàòåðèàëàì "Ñîòîâèê"





www.sotovik.ru 





</a>', '2.25', '175', '867_sghn100.jpg', '10', '0', '2', '0', '0', '', '1', '', '0', '');
INSERT INTO SS_products (productID, categoryID, name, description, customers_rating, Price, picture, in_stock, thumbnail, customer_votes, items_sold, show_as_special_offer, big_picture, enabled, brief_description, list_price, product_code) VALUES ('9', '13', 'BURTON Power', 'freestyle-äîñêå äëÿ õàëôïàéïà', '0', '659', '253_Bur_Pow_158_m.gif', '8', '606_Bur_Pow_158_m_small.jpg', '0', '2', '0', '', '1', '', '0', '');
INSERT INTO SS_products (productID, categoryID, name, description, customers_rating, Price, picture, in_stock, thumbnail, customer_votes, items_sold, show_as_special_offer, big_picture, enabled, brief_description, list_price, product_code) VALUES ('10', '17', 'Nokia 8850', 'Ðàçìåðû: <u>100õ44õ17</u> ìì<br>





Âåñ: 91 ã.<br>





Âðåìÿ ðàáîòû:<br>





- Â ðåæèìå îæèäàíèÿ: äî 150 ÷àñîâ<br>





- Â ðåæèìå ðàçãîâîðà: äî 3 ÷àñîâ<br><br>





<a class=small href="http://www.sotovik.ru">





Ïîäãîòîâëåíî ïî ìàòåðèàëàì "Ñîòîâèê"





www.sotovik.ru 





</a>', '3', '335', '608_n8850gold.jpg', '10', '505_n8850gold_small.jpg', '2', '0', '0', '', '1', '', '0', '');
INSERT INTO SS_products (productID, categoryID, name, description, customers_rating, Price, picture, in_stock, thumbnail, customer_votes, items_sold, show_as_special_offer, big_picture, enabled, brief_description, list_price, product_code) VALUES ('11', '17', 'Nokia 8250', '', '0', '273', '288_n8250.jpg', '9', '913_n8250_small.jpg', '0', '1', '0', '', '1', '', '0', '');
INSERT INTO SS_products (productID, categoryID, name, description, customers_rating, Price, picture, in_stock, thumbnail, customer_votes, items_sold, show_as_special_offer, big_picture, enabled, brief_description, list_price, product_code) VALUES ('12', '17', 'Nokia 8210', '			<ul>





			<li>





              <p align="left">Äâóñòàíäàðòíûé (GSM900/1800) </li>





			<li>





              <p align="left">Äèçàéí êîðïóñà  - Êåíçî </li>





			<li>





              <p align="left">EFR (óëó÷øåííîå êà÷åñòâî





              ðå÷è) </li>





			<li>





              <p align="left">Ãðàôè÷åñêèé äèñïëåé äî 5 ñòðîê





              õ 13 ñèìâîëîâ</li>





			<li>





              <p align="left">Òåëåôîííàÿ êíèãà: 250 â ïàìÿòè





              òåëåôîíà + ïàìÿòü SIM-êàðòû</li>





			<li>





              <p align="left">Àâòîìàòè÷åñêîå





              çàïîìèíàíèå íîìåðà ïîñëåäíèõ<br>





              - 10 âõîäÿùèõ çâîíêîâ,<br>





              - 10 èñõîäÿùèõ çâîíêîâ è<br>





              - 10 îñòàâøèõñÿ áåç îòâåòà çâîíêîâ ñ





              ôèêñàöèåé âðåìÿ çâîíêà.</li>





			<li>





              <p align="left">8





              íîìåðîâ äëÿ ãîëîñîâîãî íàáîðà</li>





			<li>





              <p align="left">Óëó÷øåííîå ðóñèôèöèðîâàííîå ìåíþ </li>





			<li>





              <p align="left">40 âàðèàíòîâ çâîíêà, âîçìîæíîñòü





              ïðîãðàììèðîâàíèÿ è ïðèåìà/ïåðåäà÷è





              ïî SMS</li>





			<li>





              <p align="left">Ðåæèì ðàáîòû - öèôðîâîé, SMS,





              ïîääåðæêà ôàêñ-ìîäåìíîé ñâÿçè (9600





              áèò/ñåê)</li>





			<li>





              <p align="left">Ïîñûëêà





              ñîîáùåíèé â âèäå ðèñóíêîâ ñ/íà





              òåëåôîíû Nokia 3210, 8810, 8210</li>





			<li>





              <p align="left">Âîçìîæíîñòü ïðèíèìàòü SMS ðóññêèìè áóêâàìè </li>





			<li>





              <p align="left">TTML - áðàóçåð, ïîçâîëÿþùèé





              ïîëó÷àòü äîñòóï ê îïðåäåëåííûì





              óçëàì Èíòåðíåò </li>





			<li>





              <p align="left">Êîíôåðåíöèÿ (1 +  5 àáîíåíòîâ) </li>





			<li>





              <p align="left">Èíôðàêðàñíûé ïîðò (IrDA) </li>





			<li>





              <p align="left">×àñû, áóäèëüíèê,





              êàëüêóëÿòîð </li>





			<li>





              <p align="left">50 çàìåòîê â





              êàëåíäàðå </li>





            <li>





              <p align="left">Ïðîñìîòð èìåí,





              íîìåðîâ èëè îáîèõ ïîçèöèé âìåñòå





              ïðè ïðîêðóòêå  ïàìÿòè;</li>





            <li>





              <p align="left">Âûáîð íîìåðà èç





              çàïèñíîé êíèæêè äëÿ SMS è êàëåíäàðÿ</li>





			<li>





              <p align="left">Èãðû, áûñòðàÿ





              çàìåíà êîðïóñà </li>





			</ul>





<a class=small href="http://www.sotovik.ru">





Ïîäãîòîâëåíî ïî ìàòåðèàëàì "Ñîòîâèê"





www.sotovik.ru 





</a>', '2.025', '173', '374_n8210.jpg', '8', '256_n8210_small.jpg', '4', '1', '0', '', '1', '', '0', '');
INSERT INTO SS_products (productID, categoryID, name, description, customers_rating, Price, picture, in_stock, thumbnail, customer_votes, items_sold, show_as_special_offer, big_picture, enabled, brief_description, list_price, product_code) VALUES ('13', '17', 'Nokia 6210', '			<ul>





			<li>





              <p align="left">EGSM 900, GSM 1800 èëè GSM 900/1800 </li>





			<li>





              <p align="left">WAP áðàóçåð âåðñèè 1.1 </li>





			<li>





              <p align="left">Òðè âèäà





              êîäèðîâàíèÿ ðå÷è: ïîëóðàçðÿäíîå





              (HR), ïîëíîðàçðÿäíîå (FR) è





              óëó÷øåííîå ïîëíîðàçðÿäíîå (EFR) </li>





			<li>





              <p align="left">Ãðàôè÷åñêèé äèñïëåé 96õ60 òî÷åê</li>





			<li>





              <p align="left">Êàëåíäàðü íà 220 çàìåòîê </li>





			<li>





              <p align="left">Çàïèñíàÿ (òåëåôîííàÿ) êíèãà:





              äî 500 èìåí (3 íîìåðà + 1 òåêñòîâîå ïîëå)</li>





			<li>





              <p align="left">Ïàìÿòü äî 150 òåêñòîâûõ, äî 50





              ãðàôè÷åñêèõ ñîîáùåíèé èëè ëþáàÿ èõ





              êîìáèíàöèÿ</li>





			<li>





              <p align="left">Ãîëîñîâîé íàáîð íà 10





              íîìåðîâ</li>





			<li>





              <p align="left">Àâòîìàòè÷åñêîå çàïîìèíàíèå íîìåðà ïîñëåäíèõ<br>





              - 10 âõîäÿùèõ çâîíêîâ, <br>





			 - 10 èñõîäÿùèõ çâîíêîâ è <br>





			 - 10 îñòàâøèõñÿ áåç îòâåòà çâîíêîâ ñ ôèêñàöèåé âðåìÿ çâîíêà.</li>





			<li>





              <p align="left">Êîíôåðåíö-ñâÿçü (1+5)</li>





			<li>





              <p align="left">Àâòîäîçâîí </li>





			<li>





              <p align="left">Ðóñèôèöèðîâàííîå ìåíþ </li>





			<li>





              <p align="left">Ìåëîäèè, ñèãíàë ñ





              íàðàñòàþùåé ãðîìêîñòüþ, âèáðîçâîíîê </li>





			<li>





              <p align="left">Âîçìîæíîñòü





              ðåäàêòèðîâàíèÿ è çàãðóçêè ìåëîäèé </li>





			<li>





              <p align="left">Óïðîùåííîå íàïèñàíèå





              òåêñòà (T9 system), 10 ÿçûêîâ </li>





			<li>





              <p align="left">Ðåæèì ðàáîòû - öèôðîâîé, SMS,





              ïîääåðæêà ôàêñ-ìîäåìíîé ñâÿçè äî 9600





              è 14400 áîä</li>





			<li>





              <p align="left">Ïîääåðæêà ïåðåäà÷è äàííûõ





              ñî ñêîðîñòüþ äî 43.2 kbps, èñïîëüçóÿ HSCSD (High





              Speed Circuit Switched Data) ÷åðåç IrDA èëè êàáåëü</li>





			<li>





              <p align="left">Ïîñûëêà





              ñîîáùåíèé â âèäå ðèñóíêîâ íà





              ñîâìåñòèìûå òåëåôîíû</li>





			<li>





              <p align="left">Âîçìîæíîñòü ïðèíèìàòü SMS ðóññêèìè áóêâàìè</li>





			<li>





              <p align="left">Áåñïðîâîäíîå ñîåäèíåíèå ñ





              äðóãèì òåëåôîíîì, ÏÊ èëè ïðèíòåðîì</li>





			<li>





              <p align="left">Îáìåí áèçíåñ-êàðòàìè (èìåíà,





              òåëåôîíû, çàïèñè) ñ ñîâìåñòèìûìè





              òåëåôîíàìè</li>





			<li>





              <p align="left">"Àêòèâàöèÿ-ïî-âîçäóõó"





              ïðèåì/îòïðàâêà òåêñòîâûõ/ãðàôè÷åñêèõ





              ñîîáùåíèé, áèçíåñ-êàðò, çàïèñîê, WAP-íàñòðîåê





              è äð.</li>





			<li>





              <p align="left">PC Suite for Nokia 6210 ñîâìåñòèìûé ñ





              MS Outlook 97/98</li>





			<li>





              <p align="left">Âñòðîåííûå: 3 èãðû, êàëüêóëÿòîð, áóäèëüíèê, ÷àñû</li>





			<li>





              <p align="left">Ðàçëè÷íûå ïðîôèëè äëÿ





              ðàçíûõ óñëîâèé ýêñïëóàòàöèè<br>





              Ãðîìêîñòü çâóêà ãðîìêîãîâîðèòåëÿ





              àâòîìàòè÷åñêè èçìåíÿåòñÿ â





              çàâèñèìîñòè îò óðîâíÿ ôîíîâîãî øóìà</li>





			</ul>





<a class=small href="http://www.sotovik.ru">





Ïîäãîòîâëåíî ïî ìàòåðèàëàì "Ñîòîâèê"





www.sotovik.ru 





</a>', '0', '207', '252_n6210.jpg', '9', '232_n6210_small.jpg', '0', '0', '0', '', '1', '', '0', '');
INSERT INTO SS_products (productID, categoryID, name, description, customers_rating, Price, picture, in_stock, thumbnail, customer_votes, items_sold, show_as_special_offer, big_picture, enabled, brief_description, list_price, product_code) VALUES ('14', '17', 'Nokia 3330', '            <ul>





              <li>Äâóõñòàíäàðòíûé (EGSM 900/GSM 1800)</li>





            </ul>





            <!--h5>Ìåõàíè÷åñêèå õàðàêòåðèñòèêè</h5>





<ul>





  <li>





(áàçîâûå õàðàêòåðèñòèêè "ðàçìåðû" è





    "âåñ" âûíåñåíû â îòäåëüíûå ïîëÿ;





    çäåñü - äîïîëíèòåëüíûå õàðàêòåðèñòèêè)</li>





</ul-->





            <h5>Äèñïëåé</h5>





            <ul>





              <li>Ãðàôè÷åñêèé âûñîêîêîíòðàñòíûé





                äèñïëåé</li>





              <li>Ðàçðåøåíèå 96x60 ïèêñåëåé</li>





            </ul>





            <h5>Êëàâèàòóðà</h5>





            <ul>





              <li>Ðó÷íàÿ áëîêèðîâêà</li>





              <li>Îòâåò íà çâîíîê ëþáîé êíîïêîé</li>





              <li>Ñòèðàíèå ïîñëåäíåãî ñèìâîëà èëè





                âñåãî ýêðàíà</li>





              <li>Êîä âûõîäà íà ìåæäóíàðîäíóþ ñåòü (+)</li>





              <li>Çâóêîâàÿ èíäèêàöèÿ íàæàòèÿ</li>





            </ul>





            <h5>Îðãàíàéçåð</h5>





            <ul>





              <li>×àñû è äàòà</li>





              <li>Áóäèëüíèê</li>





              <li>Ñåêóíäîìåð</li>





              <li>Êàëüêóëÿòîð</li>





              <li>Êîíâåðòåð âàëþò</li>





              <li>Ñïèñîê íà 10 çàäà÷/âñòðå÷ ñ





                íàïîìèíàíèåì</li>





            </ul>





            <!--h5>Ïåðñîíàëèçàöèÿ</h5>





<ul>





  <li>





(÷òî ìîæíî íàñòðîèòü ïîä





    ïîëüçîâàòåëÿ - íàïð, ïðèâåòñòâèå, ìåëîäèè,...)</li>





</ul-->





            <h5>Èíòåðôåéñ ïîëüçîâàòåëÿ</h5>





            <ul>





              <li>35 ìåëîäèé</li>





              <li>7 ïðîãðàììèðóåìûõ/çàãðóæàåìûõ





                ìåëîäèé</li>





              <li>Ãîëîñîâîé íàáîð íîìåðà</li>





              <li>Àâòîìàòè÷åñêèé âûáîð ÿçûêà, â





                çàâèñèìîñòè îò SIM êàðòû</li>





              <li>Ïîääåðæêà ðóññêîãî ÿçûêà â ìåíþ</li>





              <li>Íàñòðàèâàåìîå ìåíþ</li>





              <li>Àíèìàöèÿ â ìåíþ</li>





              <li>Íàñòðàèâàåìûå ïðîôèëè</li>





            </ul>





            <h5>Ïàìÿòü</h5>





            <ul>





              <li>Òåëåôîííàÿ êíèãà: 100 íîìåðîâ â





                ïàìÿòè òåëåôîíà + ïàìÿòü SIM-êàðòû</li>





              <li>Çàêðûòûå ãðóïïà ïîëüçîâàòåëåé</li>





              <li>Ãðóïïà ôèêñèðîâàííûõ íîìåðîâ</li>





              <li>Âûáîð íîìåðà èç òåëåôîííîé êíèãè





                ïðè îòïðàâêå ñîîáùåíèé</li>





              <li>Èçâëå÷åíèå è çàïèñü íîìåðà





                îòïðàâèòåëÿ â òåëåôîííóþ êíèãó</li>





              <li>Ïîêàç íîìåðà àáîíåíòà èëè èìåíè





                êàê çàãîëîâîê ñîîáùåíèÿ</li>





              <li>Ðàçíûå âîçìîæíîñòè íàâèãàöèè è





                ïîèñêà â òåëåôîííîé êíèãå</li>





              <li>Àâòîìàòè÷åñêîå çàïîìèíàíèå





                ïîñëåäíèõ<br>





                - 10 âõîäÿùèõ çâîíêîâ,<br>





                - 10 èñõîäÿùèõ çâîíêîâ è<br>





                - 10 îñòàâøèõñÿ áåç îòâåòà çâîíêîâ<br>





                ñ ôèêñàöèåé âðåìÿ çâîíêà</li>





            </ul>





<a class=small href="http://www.sotovik.ru">





Ïîäãîòîâëåíî ïî ìàòåðèàëàì "Ñîòîâèê"





www.sotovik.ru 





</a>', '3', '109', '592_n3330.jpg', '9', '32_n3330_small.jpg', '2', '0', '0', '', '1', '', '0', '');
INSERT INTO SS_products (productID, categoryID, name, description, customers_rating, Price, picture, in_stock, thumbnail, customer_votes, items_sold, show_as_special_offer, big_picture, enabled, brief_description, list_price, product_code) VALUES ('15', '17', 'Nokia 3210', '			<ul>





			<li>





              <p align="left">Äâóñòàíäàðòíûé (GSM900/1800) </li>





			<li>





              <p align="left">Áîëüøîé ãðàôè÷åñêèé äèñïëåé (5 ñòðîê)</li>





			<li>





              <p align="left">EFR (óëó÷øåííîå êà÷åñòâî





              ðå÷è)</li>





			<li>





              <p align="left">Òåëåôîííàÿ êíèãà: 250 íîìåðîâ â ïàìÿòè SIM-êàðòû</li>





			<li>





              <p align="left">Óëó÷øåííîå ðóñèôèöèðîâàííîå ìåíþ ñ àíèìàöèåé </li>





			<li>





              <p align="left">38 ìåëîäèé </li>





			<li>





              <p align="left">Âîçìîæíîñòü ðåäàêòèðîâàíèÿ ìåëîäèè çâîíêà </li>





			<li>





              <p align="left">Ðåæèì ðàáîòû - öèôðîâîé, SMS, ïîääåðæêà ôàêñ-ìîäåìíîé ñâÿçè äî 9600 áîä





              (14400 - c EFR)</li>





			<li>





              <p align="left">Óïðîùåííîå íàïèñàíèå SMS





              (äëÿ àíãëèéñêîãî ÿçûêà) </li>





			<li>





              <p align="left">Âîçìîæíîñòü ïðèíèìàòü SMS ðóññêèìè áóêâàìè </li>





			<li>





              <p align="left">Âîçìîæíîñòü ïðèåìà/ïåðåäà÷è ãðàôè÷åñêèõ èçîáðàæåíèé </li>





			<li>





              <p align="left">Òðè èãðû, âêëþ÷àÿ "ïÿòíàøêè" </li>





			<li>





              <p align="left">Ýðãîíîìè÷íûé äèçàéí </li>





			<li>





              <p align="left">Âñòðîåííàÿ àíòåííà </li>





			<li>





              <p align="left">Ðàçíîöâåòíûå ñìåííûå ïàíåëè êîðïóñà (ïåðåäíÿÿ è çàäíÿÿ) </li>





			</ul>





<a class=small href="http://www.sotovik.ru">





Ïîäãîòîâëåíî ïî ìàòåðèàëàì "Ñîòîâèê"





www.sotovik.ru 





</a>', '0', '90', '496_n3210.jpg', '10', '918_n3210_small.jpg', '0', '0', '0', '', '1', '', '0', '');
INSERT INTO SS_products (productID, categoryID, name, description, customers_rating, Price, picture, in_stock, thumbnail, customer_votes, items_sold, show_as_special_offer, big_picture, enabled, brief_description, list_price, product_code) VALUES ('16', '17', 'Nokia 7110', '			<ul>





			<li>





              <p align="left">Äâóñòàíäàðòíûé (GSM900/1800) </li>





			</ul>





              <h5 align="left">Äèñïëåé</h5>





			<ul>





			<li>





              <p align="left">Âûñîêîêîíòðàñòíûé,





              ïîëíîñòüþ ãðàôè÷åñêèé äèñïëåé ñ





              ïîäñâåòêîé</li>





			<li>





              <p align="left">Ðàçðåøåíèå 96õ65 òî÷åê</li>





			<li>





              <p align="left">Äî 6 ñòðîê äëÿ çàãîëîâêîâ,





              òåêñòà, öèôð, ãðàôèêè, îïèñàíèÿ





              ïðîãðàììèðóåìûõ êëàâèø</li>





			<li>





              <p align="left">Äèíàìè÷åñêèé âûâîä äëÿ





              êðóïíîãî / ìåëêîãî / æèðíîãî øðèôòîâ</li>





			<li>





              <p align="left">Èíäèêàòîð óðîâíÿ ñèãíàëà</li>





			<li>





              <p align="left">Èíäèêàòîð óðîâíÿ çàðÿäêè





              àêêóìóëÿòîðà</li>





			<li>





              <p align="left">Ñáðîñ ïîñëåäíåé öèôðû è





              î÷èñòêà âñåãî äèñïëåÿ</li>





			<li>





              <p align="left">Êóðñîð äëÿ ðåäàêòèðîâàíèÿ





              ïî âñåìó ïîëþ äèñïëåÿ</li>





			<li>





              <p align="left">Ýôôåêòû àíèìàöèè ãëàâíîãî





              ìåíþ</li>





			</ul>





              <h5 align="left">Êëàâèàòóðà</h5>





            <ul>





              <li>





                <p align="left">Êíîïêà ïðîñëóøèâàíèÿ





                ðå÷åâîé ïî÷òû</li>





              <li>





                <p align="left">Êíîïêà äîñòóïà ê





                ìåæäóíàðîäíîé ñâÿçè (+)</li>





              <li>





                <p align="left">Áëîêèðîâêà êëàâèàòóðû</li>





              <li>





                <p align="left">Ïîäñâåòêà</li>





            </ul>





              <h5 align="left">Îðãàíàéçåð</h5>





            <ul>





              <li>





                <p align="left">Êàëåíäàðü</li>





              <li>





                <p align="left">Êàëüêóëÿòîð</li>





              <li>





                <p align="left">Áóäèëüíèê</li>





              <li>





                <p align="left">×àñû</li>





              <li>





                <p align="left">4 âñòðîåííûå èãðû (çìåÿ,





                âðàùåíèå, ðåâåðñè, ðàêåòêà)</li>





            </ul>





              <h5 align="left">Áåçîïàñíîñòü è ó÷åò





              ðàçãîâîðîâ</h5>





            <ul>





              <li>





                <p align="left">Ïðîãðàììèðóåìûå óðîâåíü è





                êîä çàùèòû</li>





              <li>





                <p align="left">Ôóíêöèè çàïðåòà âûçîâîâ</li>





              <li>





                <p align="left">Óâåäîìëåíèå î ñòîèìîñòè</li>





              <li>





                <p align="left">Óñòàíîâêà ïðåäåëüíîé





                ñòîèìîñòè äëÿ èñõîäÿùèõ âûçîâîâ (à





                òàêæå äëÿ âõîäÿùèõ, åñëè îíè





                îïëà÷èâàþòñÿ)</li>





              <li>





                <p align="left">Ïðîäîëæèòåëüíîñòü è





                ñòîèìîñòü ïîñëåäíåãî âûçîâà è





                ñóììàðíàÿ</li>





              <li>





                <p align="left">Ôèêñèðîâàííûé íàáîð</li>





              <li>





                <p align="left">Çàêðûòàÿ àáîíåíòñêàÿ





                ãðóïïà</li>





            </ul>





            <h5 align="left">Èíòåðôåéñ ïîëüçîâàòåëÿ</h5>





            <ul>





              <li>





                <p align="left">34 ÿçûêà â çàäàííûõ





                èçãîòîâèòåëåì ÿçûêîâûõ ãðóïïàõ</li>





              <li>





                <p align="left">Àâòîìàòè÷åñêèé âûáîð





                ÿçûêà ìåíþ</li>





            </ul>





              <h5 align="left">Ïàìÿòü</h5>





            <ul>





			<li>





              <p align="left">Òåëåôîííàÿ êíèãà: 1000 èìåí â





              ïàìÿòè òåëåôîíà, 5 íîìåðîâ è 2





', '0', '160', '787_n7110.jpg', '10', '76_n7110_small.jpg', '0', '0', '0', '', '1', '', '0', '');
INSERT INTO SS_products (productID, categoryID, name, description, customers_rating, Price, picture, in_stock, thumbnail, customer_votes, items_sold, show_as_special_offer, big_picture, enabled, brief_description, list_price, product_code) VALUES ('17', '17', 'Nokia 9210', '            <ul>





              <li>Äâóõñòàíäàðòíûé  (EGSM 900 / GSM 1800)</li>





            </ul>





            <!--h5>Ìåõàíè÷åñêèå õàðàêòåðèñòèêè</h5>





<ul>





  <li>





(áàçîâûå õàðàêòåðèñòèêè "ðàçìåðû" è





    "âåñ" âûíåñåíû â îòäåëüíûå ïîëÿ;





    çäåñü - äîïîëíèòåëüíûå õàðàêòåðèñòèêè)</li>





</ul-->





            <h5>Äèñïëåé</h5>





            <ul>





              <li>2 äèñïëåÿ</li>





              <li>Ãðàôè÷åñêèé öâåòíîé äèñïëåé - 4096





                öâåòîâ</li>





              <li>Ìîíîõðîìíûé íà âíåøíåé ñòîðîíå</li>





            </ul>





            <h5>PDA</h5>





            <ul>





              <li>32-bit RISC ïðîöåññîð ARM9</li>





              <li>Îïåðàöèîííàÿ ñèñòåìà EPOC</li>





              <li>Ñëîò ðàñøèðåíèÿ ïàìÿòè ñòàíäàðòà





                MultiMediaCard</li>





              <li>Òåëåôîííàÿ êíèãà, Çàäà÷è,





                Ðàñïèñàíèå, Ôàêñ, E-mail, Internet-áðàóçåð,





                WAP-áðàóçåð, òåêñòîâûé ðåäàêòîð,





                ýëåêòðîííàÿ òàáëèöà, ïðîñìîòð





                ïðåçåíòàöèé</li>





              <li>Êîíâåðòîðû ôàéëîâ äëÿ îñíîâíûõ





                îôèñíûõ ïðîãðàìì â ôîðìàò





                âñòðîåííûõ ïðîãðàìì äëÿ EPOC</li>





              <li>Ñîâìåñòèìîñòü ñ Lotus Notes & Organizer, MS





                Outlook</li>





              <li>Ïðîèãðûâàòåëü âèäåîðîëèêîâ è





                çâóêîâûõ ôàéëîâ<br>





</li>





            </ul>





            <h5 align="center"> </h5>





            <h5>E-mail</h5>





            <ul>





              <li>Ïîääåðæêà POP3, IMAP4 è SMTP</li>





              <li>Ïîääåðæèâàåò ïðèñîåäèíåííûå





                ôàéëû íàèáîëåå ïîïóëÿðíûõ





                ôîðìàòîâ, âêëþ÷àÿ MS Office, çâóêîâûå è





                ãðàôè÷åñêèå ôàéëû, àðõèâàòîðû (DOS,





                Windows, Unix)<br>





</li>





            </ul>





            <h5>Êëàâèàòóðà</h5>





            <ul>





              <li>Òåëåôîííàÿ è PC êëàâèàòóðû</li>





              <li>Îòâåò íà çâîíîê ëþáîé êíîïêîé</li>





              <li>Ñòèðàíèå ïîñëåäíåãî ñèìâîëà èëè





                âñåãî ýêðàíà</li>





              <li>Êîä âûõîäà íà ìåæäóíàðîäíóþ ñåòü (+)</li>





              <li>Çâóêîâàÿ èíäèêàöèÿ íàæàòèÿ</li>





            </ul>





            <h5>Óïðàâëåíèå çâóêîâûìè ñèãíàëàìè</h5>





            <ul>





              <li>Ðàçëè÷íûå òîíû è ìåëîäèè</li>





              <li>Áåñøóìíûé âûçîâ</li>





              <li>Âèáðîçâîíîê</li>





              <li>Ðàçëè÷íûå óðîâíè ãðîìêîñòè,





                âêëþ÷àÿ áåñøóìíûé</li>





              <li>Ðàçëè÷íûå ñèãíàëû è óðîâíè





                ñèãíàëà äëÿ SMS</li>





              <li>Ïðîãðàììèðóåìàÿ ìåëîäèÿ âûçîâà</li>





            </ul>





            <h5>Áåçîïàñíîñòü è ó÷åò ðàçãîâîðîâ</h5>





            <ul>





              <li>Áëîêèðîâêà êëàâèàòóðû</li>





              <li>Ïðåäóïðåæäåíèÿ è îãðàíè÷åíèÿ</li>





              <li>Êîä äîñòóïà ê òåëåôîíó</li>





              <li>PIN1, PIN2</li>





              <li>Êîíòðîëü âðåìåíè çâîíêà</li>





              <li>Çàïðåò âûçîâîâ</li>





            </ul>





            <h5>Èíòåðôåéñ ïîëüçîâàòåëÿ</h5>





            <ul>





              <li>Ïîääåðæêà ðóññêîãî ÿçûêà â ìåíþ</li>





              <li>Íàñòðàèâàåìîå ìåíþ</li>





              <li>Íàñòðàèâàåìûå ïðîôèëè</li>





            </ul>





            <h5>Îðãàíàéçåð</h5>





            <ul>





              <li>×àñû</li>





              <li>Áóäèëüíèê</li>





              <li>Ñåêóíäîìåð</li>





              <li>Êàëüêóëÿòîð</li>





              <li>Òàéìåð</li>





            </ul>





            <h5>Ïàìÿòü</h5>





            <ul>





              <li>Òåëåôîííàÿ êíèãà â ïàìÿòè





                òåëåôîíà è íà SIM-êàðòå</li>



', '0', '803', '960_n92104.jpg', '10', '937_n92104_small.jpg', '0', '0', '0', '', '1', '', '0', '');
INSERT INTO SS_products (productID, categoryID, name, description, customers_rating, Price, picture, in_stock, thumbnail, customer_votes, items_sold, show_as_special_offer, big_picture, enabled, brief_description, list_price, product_code) VALUES ('18', '17', 'Nokia 6310', '            <ul>





              <li>Äâóõñòàíäàðòíûé (EGSM 900/GSM 1800)</li>





            </ul>





            <!--h5>Ìåõàíè÷åñêèå õàðàêòåðèñòèêè</h5>





<ul>





  <li>





(áàçîâûå õàðàêòåðèñòèêè "ðàçìåðû" è





    "âåñ" âûíåñåíû â îòäåëüíûå ïîëÿ;





    çäåñü - äîïîëíèòåëüíûå õàðàêòåðèñòèêè)</li>





</ul-->





            <h5>Äèñïëåé</h5>





            <ul>





              <li>Ãðàôè÷åñêèé âûñîêîêîíòðàñòíûé





                äèñïëåé</li>





              <li>Ðàçðåøåíèå 96x60 ïèêñåëåé</li>





            </ul>





            <h5>Êëàâèàòóðà</h5>





            <ul>





              <li>Àâòîìàòè÷åñêàÿ è ðó÷íàÿ





                áëîêèðîâêà</li>





              <li>Îòâåò íà çâîíîê ëþáîé êíîïêîé</li>





              <li>Ñòèðàíèå ïîñëåäíåãî ñèìâîëà èëè





                âñåãî ýêðàíà</li>





              <li>Êîä âûõîäà íà ìåæäóíàðîäíóþ ñåòü (+)</li>





              <li>Çâóêîâàÿ èíäèêàöèÿ íàæàòèÿ</li>





            </ul>





            <h5>Îðãàíàéçåð</h5>





            <ul>





              <li>×àñû è äàòà</li>





              <li>Áóäèëüíèê</li>





              <li>Ñåêóíäîìåð</li>





              <li>Êàëüêóëÿòîð</li>





              <li>Êîíâåðòåð âàëþò</li>





              <li>Ñïèñîê çàäà÷/âñòðå÷ ñ





                íàïîìèíàíèåì</li>





              <li>Ñèíõðîíèçàöèÿ ñ ÏÊ, â òîì ÷èñëå





                SyncML over WAP</li>





            </ul>





            <!--h5>Ïåðñîíàëèçàöèÿ</h5>





<ul>





  <li>





(÷òî ìîæíî íàñòðîèòü ïîä





    ïîëüçîâàòåëÿ - íàïð, ïðèâåòñòâèå, ìåëîäèè,...)</li>





</ul-->





            <h5>Áåçîïàñíîñòü è ó÷åò ðàçãîâîðîâ</h5>





            <ul>





              <li>Áëîêèðîâêà êëàâèàòóðû</li>





              <li>Ïðåäóïðåæäåíèÿ è îãðàíè÷åíèÿ</li>





              <li>Êîä äîñòóïà ê òåëåôîíó</li>





              <li>PIN1, PIN2</li>





              <li>Êîíòðîëü âðåìåíè çâîíêà</li>





              <li>Çàïðåò âûçîâîâ</li>





            </ul>





            <h5>Èíòåðôåéñ ïîëüçîâàòåëÿ</h5>





            <ul>





              <li>Ãîëîñîâîé íàáîð íîìåðà</li>





              <li>Ãîëîñîâûå êîìàíäû</li>





              <li>Àâòîìàòè÷åñêèé âûáîð ÿçûêà, â





                çàâèñèìîñòè îò SIM êàðòû</li>





              <li>Ïîääåðæêà ðóññêîãî ÿçûêà â ìåíþ</li>





              <li>Íàñòðàèâàåìîå ìåíþ</li>





              <li>Àíèìàöèÿ â ìåíþ</li>





              <li>Íàñòðàèâàåìûå ïðîôèëè</li>





            </ul>





            <h5>Ïàìÿòü</h5>





            <ul>





              <li>Òåëåôîííàÿ êíèãà: 500 íîìåðîâ â





                ïàìÿòè òåëåôîíà + ïàìÿòü SIM-êàðòû</li>





              <li>Âûáîð íîìåðà èç òåëåôîííîé êíèãè





                ïðè îòïðàâêå ñîîáùåíèé</li>





              <li>Èçâëå÷åíèå è çàïèñü íîìåðà





                îòïðàâèòåëÿ â òåëåôîííóþ êíèãó</li>





              <li>Ïîêàç íîìåðà àáîíåíòà èëè èìåíè





                êàê çàãîëîâîê ñîîáùåíèÿ</li>





              <li>Ðàçíûå âîçìîæíîñòè íàâèãàöèè è





                ïîèñêà â òåëåôîííîé êíèãå</li>





              <li>Àâòîìàòè÷åñêîå çàïîìèíàíèå





                ïîñëåäíèõ<br>





                - 10 âõîäÿùèõ çâîíêîâ,<br>





                - 10 èñõîäÿùèõ çâîíêîâ è<br>





                - 10 îñòàâøèõñÿ áåç îòâåòà çâîíêîâ<br>





                ñ ôèêñàöèåé âðåìÿ çâîíêà</li>





            </ul>





            <!--h5>Ôóíêöèè íàáîðà íîìåðà</h5>





<ul>





  <li>(ãîëîñîâîé,





    ñîêðàùåííûé, ...)</li>





</ul-->





', '2', '275', '524_n6310.jpg', '0', '644_n6310_small.jpg', '1', '0', '0', '', '1', '', '0', '');
INSERT INTO SS_products (productID, categoryID, name, description, customers_rating, Price, picture, in_stock, thumbnail, customer_votes, items_sold, show_as_special_offer, big_picture, enabled, brief_description, list_price, product_code) VALUES ('19', '17', 'Nokia 8310', '            <ul>









              <li>Äâóõñòàíäàðòíûé (EGSM 900/GSM 1800)</li>









            </ul>









            <!--h5>Ìåõàíè÷åñêèå õàðàêòåðèñòèêè</h5>









<ul>









  <li>









(áàçîâûå õàðàêòåðèñòèêè "ðàçìåðû" è









    "âåñ" âûíåñåíû â îòäåëüíûå ïîëÿ;









    çäåñü - äîïîëíèòåëüíûå õàðàêòåðèñòèêè)</li>









</ul-->









            <h5>Äèñïëåé</h5>









            <ul>









              <li>Ãðàôè÷åñêèé âûñîêîêîíòðàñòíûé









                äèñïëåé</li>









              <li>Äî 5 ñòðîê òåêñòà</li>









              <li>Ãîëóáàÿ ïîäñâåòêà</li>









            </ul>









            <h5>Êëàâèàòóðà</h5>









            <ul>









              <li>Ñïàðåííàÿ íàâèãàöèîííàÿ êëàâèøà</li>









              <li>Àâòîìàòè÷åñêàÿ è ðó÷íàÿ









                áëîêèðîâêà</li>









              <li>Îòâåò íà çâîíîê ëþáîé êíîïêîé</li>









              <li>Ñòèðàíèå ïîñëåäíåãî ñèìâîëà èëè









                âñåãî ýêðàíà</li>









              <li>Êîä âûõîäà íà ìåæäóíàðîäíóþ ñåòü (+)</li>









              <li>Çâóêîâàÿ èíäèêàöèÿ íàæàòèÿ</li>









            </ul>









            <h5>Îðãàíàéçåð</h5>









            <ul>









              <li>×àñû è äàòà</li>









              <li>Áóäèëüíèê</li>









              <li>Êàëüêóëÿòîð</li>









              <li>Êîíâåðòåð âàëþò</li>









              <li>Ñïèñîê çàäà÷/âñòðå÷ ñ









                íàïîìèíàíèåì</li>









            </ul>









            <!--h5>Ïåðñîíàëèçàöèÿ</h5>









<ul>









  <li>









(÷òî ìîæíî íàñòðîèòü ïîä









    ïîëüçîâàòåëÿ - íàïð, ïðèâåòñòâèå, ìåëîäèè,...)</li>









</ul-->









            <h5>Áåçîïàñíîñòü è ó÷åò ðàçãîâîðîâ</h5>









            <ul>









              <li>Áëîêèðîâêà êëàâèàòóðû</li>









              <li>Ïðåäóïðåæäåíèÿ è îãðàíè÷åíèÿ</li>









              <li>Êîä äîñòóïà ê òåëåôîíó</li>









              <li>PIN1, PIN2</li>









              <li>Êîíòðîëü âðåìåíè çâîíêà</li>









              <li>Çàïðåò âûçîâîâ</li>









            </ul>









            <h5>Èíòåðôåéñ ïîëüçîâàòåëÿ</h5>









            <ul>









              <li>Ãîëîñîâîé íàáîð íîìåðà</li>









              <li>Ãîëîñîâûå êîìàíäû</li>









              <li>Àâòîìàòè÷åñêèé âûáîð ÿçûêà, â









                çàâèñèìîñòè îò SIM êàðòû</li>









              <li>Ïîääåðæêà ðóññêîãî ÿçûêà â ìåíþ</li>









              <li>Íàñòðàèâàåìîå ìåíþ</li>









              <li>Àíèìàöèÿ â ìåíþ</li>









              <li>Íàñòðàèâàåìûå ïðîôèëè</li>









            </ul>









            <h5>Ïàìÿòü</h5>









            <ul>









              <li>Òåëåôîííàÿ êíèãà: 250 íîìåðîâ â









                ïàìÿòè òåëåôîíà + ïàìÿòü SIM-êàðòû</li>









              <li>Âûáîð íîìåðà èç òåëåôîííîé êíèãè









                ïðè îòïðàâêå ñîîáùåíèé</li>









              <li>Èçâëå÷åíèå è çàïèñü íîìåðà









                îòïðàâèòåëÿ â òåëåôîííóþ êíèãó</li>









              <li>Ïîêàç íîìåðà àáîíåíòà èëè èìåíè









                êàê çàãîëîâîê ñîîáùåíèÿ</li>









              <li>Ðàçíûå âîçìîæíîñòè íàâèãàöèè è









                ïîèñêà â òåëåôîííîé êíèãå</li>









              <li>Àâòîìàòè÷åñêîå çàïîìèíàíèå









                ïîñëåäíèõ<br>









                - 10 âõîäÿùèõ çâîíêîâ,<br>









                - 10 èñõîäÿùèõ çâîíêîâ è<br>









                - 10 îñòàâøèõñÿ áåç îòâåòà çâîíêîâ<br>









                ñ ôèêñàöèåé âðåìÿ çâîíêà</li>









            </ul>









            <!--h5>Ôóíêöèè íàáîðà íîìåðà</h5>









<ul>









  <li>(ãîëîñîâîé,









    ñîêðàùåííûé, ...)</li>









</ul-->









            <h5>Óïðàâëåíèå çâîíêàìè</h5>









', '4.5', '299', '561_n8310.jpg', '92', '596_n8310_small.jpg', '13', '8', '0', '', '1', 'ýòî êðàòêîå îïèñàíèå....', '330', '');
INSERT INTO SS_products (productID, categoryID, name, description, customers_rating, Price, picture, in_stock, thumbnail, customer_votes, items_sold, show_as_special_offer, big_picture, enabled, brief_description, list_price, product_code) VALUES ('20', '17', 'Nokia 3310', '            <ul>





              <li>Äâóõñòàíäàðòíûé (EGSM 900/GSM 1800)</li>





            </ul>





            <!--h5>Ìåõàíè÷åñêèå õàðàêòåðèñòèêè</h5>





<ul>





  <li>





(áàçîâûå õàðàêòåðèñòèêè "ðàçìåðû" è





    "âåñ" âûíåñåíû â îòäåëüíûå ïîëÿ;





    çäåñü - äîïîëíèòåëüíûå õàðàêòåðèñòèêè)</li>





</ul-->





            <h5>Äèñïëåé</h5>





            <ul>





              <li>Ãðàôè÷åñêèé âûñîêîêîíòðàñòíûé





                äèñïëåé</li>





              <li>Ðàçðåøåíèå 84x48 ïèêñåëÿ</li>





              <li>Èíäèêàòîðû:





                <ul>





                  <li>íàïðÿæåííîñòü ïîëÿ</li>





                </ul>





                <ul>





                  <li>óðîâåíü çàðÿä áàòàðåè</li>





                  <li>ãîëîñîâîå ñîîáùåíèå</li>





                  <li>òåêñòîâîå ñîîáùåíèå</li>





                  <li>ðîóìèíã è äð.</li>





                </ul>





              </li>





            </ul>





            <h5>Êëàâèàòóðà</h5>





            <ul>





              <li>Ìíîãîöåëåâàÿ





                êëàâèøà Nokia Navi</li>





              <li>Îòâåò íà çâîíîê ëþáîé êíîïêîé</li>





              <li>Ñòèðàíèå ïîñëåäíåãî ñèìâîëà èëè





                âñåãî ýêðàíà</li>





              <li>Êîä âûõîäà íà ìåæäóíàðîäíóþ ñåòü (+)</li>





              <li>Çâóêîâàÿ èíäèêàöèÿ íàæàòèÿ</li>





            </ul>





            <h5>Îðãàíàéçåð</h5>





            <ul>





              <li>×àñû è äàòà</li>





              <li>Áóäèëüíèê</li>





              <li>Ñåêóíäîìåð</li>





              <li>Êàëüêóëÿòîð</li>





              <li>Êîíâåðòåð âàëþò</li>





              <li>Ñïèñîê íà 10 çàäà÷/âñòðå÷ ñ





                íàïîìèíàíèåì</li>





            </ul>





            <!--h5>Ïåðñîíàëèçàöèÿ</h5>





<ul>





  <li>





(÷òî ìîæíî íàñòðîèòü ïîä





    ïîëüçîâàòåëÿ - íàïð, ïðèâåòñòâèå, ìåëîäèè,...)</li>





</ul-->





            <h5>Áåçîïàñíîñòü è ó÷åò ðàçãîâîðîâ</h5>





            <ul>





              <li>Áëîêèðîâêà êëàâèàòóðû</li>





              <li>Ïðåäóïðåæäåíèÿ è îãðàíè÷åíèÿ</li>





              <li>Êîä äîñòóïà ê òåëåôîíó</li>





              <li>PIN1, PIN2</li>





              <li>Êîíòðîëü âðåìåíè çâîíêà</li>





              <li>Çàïðåò âûçîâîâ</li>





            </ul>





            <h5>Èíòåðôåéñ ïîëüçîâàòåëÿ</h5>





            <ul>





              <li>Àâòîìàòè÷åñêèé âûáîð ÿçûêà, â





                çàâèñèìîñòè îò SIM êàðòû</li>





              <li>Ìåíþ è ïðåäèêòèâíûé ââîä





                òåêñòà - 11 åâðîïåéñêèõ ÿçûêîâ +





                êèòàéñêèé</li>





              <li>Íàñòðàèâàåìîå ìåíþ</li>





              <li>Àíèìàöèÿ â ìåíþ</li>





              <li>Ãîëîñîâîé íàáîð - 8 ÿ÷ååê</li>





              <li>Ñêðèíñåéâåðû</li>





              <li>SMS-÷àò</li>





            </ul>





            <h5>Óïðàâëåíèå çâóêîâûìè ñèãíàëàìè</h5>





            <ul>





              <li>7 ðàçëè÷íûõ òîíîâ è 35 ìåëîäèé</li>





              <li>Áåñøóìíûé âûçîâ</li>





              <li>Âèáðîçâîíîê</li>





              <li>Ðàçëè÷íûå óðîâíè ãðîìêîñòè,





                âêëþ÷àÿ áåñøóìíûé</li>





              <li>Ðàçëè÷íûå ñèãíàëû è óðîâíè





                ñèãíàëà äëÿ SMS</li>





              <li>Ïðîãðàììèðóåìàÿ ìåëîäèÿ âûçîâà</li>





            </ul>





            <h5>Óïðàâëåíèå çâîíêàìè</h5>





            <ul>





              <li>Óñêîðåííûé íàáîð íîìåðà (9 ÿ÷ååê,





                "1"





                - âñåãäà ãîëîñîâàÿ ïî÷òà)</li>





              <li>Çâîíêè ïî íîìåðàì èç ïàìÿòè è





                òåëåôîííîé êíèãè</li>





              <li>Êîíôåðíö-ñâÿçü</li>





              <li>Îæèäàíèå è óäåðæàíèå çâîíêà</li>





              <li>Ïåðåàäðåñàöèÿ çâîíêîâ</li>





              <li>Èäåíòèôèêàöèÿ èìåíè è íîìåðà





', '5', '99', '398_n3310.jpg', '10', '601_n3310_small.jpg', '1', '0', '0', '', '1', '', '0', '');
INSERT INTO SS_products (productID, categoryID, name, description, customers_rating, Price, picture, in_stock, thumbnail, customer_votes, items_sold, show_as_special_offer, big_picture, enabled, brief_description, list_price, product_code) VALUES ('21', '15', 'Ericsson T29', '            <ul>





              <li>Äâóõñòàíäàðòíûé (GSM 900/1800)</li>





            </ul>





            <!--h5>Ìåõàíè÷åñêèå õàðàêòåðèñòèêè</h5>





<ul>





  <li>





(áàçîâûå õàðàêòåðèñòèêè "ðàçìåðû" è





    "âåñ" âûíåñåíû â îòäåëüíûå ïîëÿ;





    çäåñü - äîïîëíèòåëüíûå õàðàêòåðèñòèêè)</li>





</ul-->





            <h5>Äèñïëåé</h5>





            <ul>





              <li>Ãðàôè÷åñêèé âûñîêîêîíòðàñòíûé





                äèñïëåé</li>





              <li>3 ñòðîêè òåêñòà</li>





            </ul>





            <h5>Êëàâèàòóðà</h5>





            <ul>





              <li>Àâòîìàòè÷åñêàÿ è ðó÷íàÿ





                áëîêèðîâêà</li>





              <li>Îòâåò íà çâîíîê ëþáîé êíîïêîé</li>





              <li>Ñòèðàíèå ïîñëåäíåãî ñèìâîëà èëè





                âñåãî ýêðàíà</li>





              <li>Êîä âûõîäà íà ìåæäóíàðîäíóþ ñåòü (+)</li>





              <li>Çâóêîâàÿ èíäèêàöèÿ íàæàòèÿ</li>





            </ul>





            <h5 align="center"></h5>





            <h5>Óïðàâëåíèå çâóêîâûìè ñèãíàëàìè</h5>





            <ul>





              <li>Ðàçëè÷íûå òîíû è ìåëîäèè</li>





              <li>Áåñøóìíûé âûçîâ</li>





              <li>Ðàçëè÷íûå óðîâíè ãðîìêîñòè,





                âêëþ÷àÿ áåñøóìíûé</li>





              <li>Ðàçëè÷íûå ñèãíàëû è óðîâíè





                ñèãíàëà äëÿ SMS</li>





              <li>Ïðîãðàììèðóåìàÿ ìåëîäèÿ âûçîâà</li>





            </ul>





            <h5>Áåçîïàñíîñòü è ó÷åò ðàçãîâîðîâ</h5>





            <ul>





              <li>Áëîêèðîâêà êëàâèàòóðû</li>





              <li>Ïðåäóïðåæäåíèÿ è îãðàíè÷åíèÿ</li>





              <li>Êîä äîñòóïà ê òåëåôîíó</li>





              <li>PIN1, PIN2</li>





              <li>Êîíòðîëü âðåìåíè çâîíêà</li>





              <li>Çàïðåò âûçîâîâ</li>





            </ul>





            <h5>Ïàìÿòü</h5>





            <ul>





              <li>Âûáîð íîìåðà èç òåëåôîííîé êíèãè





                ïðè îòïðàâêå ñîîáùåíèé</li>





              <li>Èçâëå÷åíèå è çàïèñü íîìåðà





                îòïðàâèòåëÿ â òåëåôîííóþ êíèãó</li>





              <li>Ïîêàç íîìåðà àáîíåíòà èëè èìåíè





                êàê çàãîëîâîê ñîîáùåíèÿ</li>





              <li>Ðàçíûå âîçìîæíîñòè íàâèãàöèè è





                ïîèñêà â òåëåôîííîé êíèãå</li>





            </ul>





            <!--h5>Ôóíêöèè íàáîðà íîìåðà</h5>





<ul>





  <li>(ãîëîñîâîé,





    ñîêðàùåííûé, ...)</li>





</ul-->





            <h5>Óïðàâëåíèå çâîíêàìè</h5>





            <ul>





              <li>Óñêîðåííûé íàáîð íîìåðà</li>





              <li>Ãîëîñîâîé íàáîð</li>





              <li>Çâîíêè ïî íîìåðàì èç ïàìÿòè è





                òåëåôîííîé êíèãè</li>





              <li>Êîíôåðíö-ñâÿçü</li>





              <li>Îæèäàíèå è óäåðæàíèå çâîíêà</li>





              <li>Ïåðåàäðåñàöèÿ çâîíêîâ</li>





              <li>Èäåíòèôèêàöèÿ èìåíè è íîìåðà





                çâîíÿùåãî</li>





              <li>Àâòîìàòè÷åñêèé è ðó÷íîé âûáîð





                ñåòè</li>





            </ul>





            <h5>SMS</h5>





            <ul>





              <li>Ïðèåì/îòïðàâêà ñîîáùåíèé äëèíîé





                äî 160 ñèìâîëîâ</li>





              <li>Äàòà/âðåìÿ äëÿ ïðèíÿòûõ ñîîáùåíèé</li>





              <li>Èçâëå÷åíèå íîìåðà è èìåíè





                îòïðàâèòåëÿ èç ïîëó÷åííîãî





                ñîîáùåíèÿ</li>





              <li>Ïîäòâåðæäåíèå äîñòàâêè ñîîáùåíèÿ</li>





              <li>Çâîíîê îòïðàâèòåëþ ñîîáùåíèÿ</li>





              <li>Cell Broadcast</li>





            </ul>





            <h5>WAP</h5>





            <ul>





              <li>WAP áðàóçåð v1.1</li>





            </ul>





            <!--h5>Bluetooth</h5>





<ul>





  <li>()</li>





</ul-->





            <h5>Äîïîëíèòåëüíûå âîçìîæíîñòè</h5>





            <ul>





', '0', '173', '233_ert29.jpg', '10', '217_ert29_small.jpg', '0', '0', '0', '', '1', '', '0', '');
INSERT INTO SS_products (productID, categoryID, name, description, customers_rating, Price, picture, in_stock, thumbnail, customer_votes, items_sold, show_as_special_offer, big_picture, enabled, brief_description, list_price, product_code) VALUES ('22', '15', 'Ericsson T39', '            <ul>





              <li>Òðåõñòàíäàðòíûé (GSM 900/1800/1900)</li>





            </ul>





            <!--h5>Ìåõàíè÷åñêèå õàðàêòåðèñòèêè</h5>





<ul>





  <li>





(áàçîâûå õàðàêòåðèñòèêè "ðàçìåðû" è





    "âåñ" âûíåñåíû â îòäåëüíûå ïîëÿ;





    çäåñü - äîïîëíèòåëüíûå õàðàêòåðèñòèêè)</li>





</ul-->





            <h5>Äèñïëåé</h5>





            <ul>





              <li>Ãðàôè÷åñêèé âûñîêîêîíòðàñòíûé





                äèñïëåé</li>





              <li>4 ñòðîêè òåêñòà</li>





            </ul>





            <h5>Êëàâèàòóðà</h5>





            <ul>





              <li>Àâòîìàòè÷åñêàÿ è ðó÷íàÿ





                áëîêèðîâêà</li>





              <li>Îòâåò íà çâîíîê ëþáîé êíîïêîé</li>





              <li>Ñòèðàíèå ïîñëåäíåãî ñèìâîëà èëè





                âñåãî ýêðàíà</li>





              <li>Êîä âûõîäà íà ìåæäóíàðîäíóþ ñåòü (+)</li>





              <li>Çâóêîâàÿ èíäèêàöèÿ íàæàòèÿ</li>





            </ul>





            <h5>Óïðàâëåíèå çâóêîâûìè ñèãíàëàìè</h5>





            <ul>





              <li>Ðàçëè÷íûå òîíû è ìåëîäèè</li>





              <li>Áåñøóìíûé âûçîâ</li>





              <li>Ðàçëè÷íûå óðîâíè ãðîìêîñòè,





                âêëþ÷àÿ áåñøóìíûé</li>





              <li>Ðàçëè÷íûå ñèãíàëû è óðîâíè





                ñèãíàëà äëÿ SMS</li>





              <li>Ïðîãðàììèðóåìàÿ ìåëîäèÿ âûçîâà</li>





            </ul>





            <h5>Áåçîïàñíîñòü è ó÷åò ðàçãîâîðîâ</h5>





            <ul>





              <li>Áëîêèðîâêà êëàâèàòóðû</li>





              <li>Ïðåäóïðåæäåíèÿ è îãðàíè÷åíèÿ</li>





              <li>Êîä äîñòóïà ê òåëåôîíó</li>





              <li>PIN1, PIN2</li>





              <li>Êîíòðîëü âðåìåíè çâîíêà</li>





              <li>Çàïðåò âûçîâîâ</li>





            </ul>





            <h5>Èíòåðôåéñ ïîëüçîâàòåëÿ</h5>





            <ul>





              <li>Ãîëîñîâûå êîìàíäû</li>





              <li>Ãîëîñîâîé íàáîð</li>





              <li>Ïîääåðæêà ðóññêîãî ÿçûêà â ìåíþ</li>





              <li>Íàñòðàèâàåìîå ìåíþ</li>





              <li>Íàñòðàèâàåìûå ïðîôèëè</li>





            </ul>





            <h5>Îðãàíàéçåð (PIM)</h5>





            <ul>





              <li>Ðàñøèðåííàÿ òåëåôîííàÿ êíèãà (êîíòàêòíàÿ





                èíôîðìàöèÿ)</li>





              <li>Êàëåíäàðü</li>





              <li>Ñèíõðîíèçàöèÿ ñ ÏÊ</li>





              <li>E-mail àãåíò</li>





              <li>Çàïèñíàÿ êíèãà</li>





              <li>Äèêòîôîí</li>





            </ul>





            <h5>Ïàìÿòü</h5>





            <ul>





              <li>Âûáîð íîìåðà èç òåëåôîííîé êíèãè





                ïðè îòïðàâêå ñîîáùåíèé</li>





              <li>Èçâëå÷åíèå è çàïèñü íîìåðà





                îòïðàâèòåëÿ â òåëåôîííóþ êíèãó</li>





              <li>Ïîêàç íîìåðà àáîíåíòà èëè èìåíè





                êàê çàãîëîâîê ñîîáùåíèÿ</li>





              <li>Ðàçíûå âîçìîæíîñòè íàâèãàöèè è





                ïîèñêà â òåëåôîííîé êíèãå</li>





            </ul>





            <!--h5>Ôóíêöèè íàáîðà íîìåðà</h5>





<ul>





  <li>(ãîëîñîâîé,





    ñîêðàùåííûé, ...)</li>





</ul-->





            <h5>Óïðàâëåíèå çâîíêàìè</h5>





            <ul>





              <li>Óñêîðåííûé íàáîð íîìåðà</li>





              <li>Ãîëîñîâîé íàáîð, îòâåò, îòêàç</li>





              <li>Êîíôåðíö-ñâÿçü</li>





              <li>Îæèäàíèå è óäåðæàíèå çâîíêà</li>





              <li>Ïåðåàäðåñàöèÿ çâîíêîâ</li>





              <li>Èäåíòèôèêàöèÿ èìåíè è íîìåðà





                çâîíÿùåãî</li>





              <li>Àâòîìàòè÷åñêèé è ðó÷íîé âûáîð





                ñåòè</li>





            </ul>





            <h5>Ïåðåäà÷à äàííûõ</h5>





            <ul>





              <li>Ïîääåðæêà ôàêñ-ìîäåìíîé ñâÿçè äî





                9600 áîä</li>





              <li>Âñòðîåííûé ìîäåì</li', '0', '266', '912_ert392.jpg', '10', '332_ert392_small.jpg', '0', '0', '0', '', '1', '', '0', '');
INSERT INTO SS_products (productID, categoryID, name, description, customers_rating, Price, picture, in_stock, thumbnail, customer_votes, items_sold, show_as_special_offer, big_picture, enabled, brief_description, list_price, product_code) VALUES ('23', '15', 'Ericsson T68', '            <ul>





              <li>Òðåõñòàíäàðòíûé (GSM 900/1800/1900)</li>





            </ul>





            <!--h5>Ìåõàíè÷åñêèå õàðàêòåðèñòèêè</h5>





<ul>





  <li>





(áàçîâûå õàðàêòåðèñòèêè "ðàçìåðû" è





    "âåñ" âûíåñåíû â îòäåëüíûå ïîëÿ;





    çäåñü - äîïîëíèòåëüíûå õàðàêòåðèñòèêè)</li>





</ul-->





            <h5>Äèñïëåé</h5>





            <ul>





              <li>Ãðàôè÷åñêèé âûñîêîêîíòðàñòíûé





                äèñïëåé</li>





              <li>8 ñòðîê òåêñòà</li>





              <li>256 öâåòîâ</li>





            </ul>





            <h5>Êëàâèàòóðà</h5>





            <ul>





              <li>Äæîéñòèê äëÿ íàâèãàöèè</li>





              <li>Àâòîìàòè÷åñêàÿ è ðó÷íàÿ





                áëîêèðîâêà</li>





              <li>Îòâåò íà çâîíîê ëþáîé êíîïêîé</li>





              <li>Ñòèðàíèå ïîñëåäíåãî ñèìâîëà èëè





                âñåãî ýêðàíà</li>





              <li>Êîä âûõîäà íà ìåæäóíàðîäíóþ ñåòü (+)</li>





              <li>Çâóêîâàÿ èíäèêàöèÿ íàæàòèÿ</li>





            </ul>





            <h5>Óïðàâëåíèå çâóêîâûìè ñèãíàëàìè</h5>





            <ul>





              <li>Ðàçëè÷íûå òîíû è ìåëîäèè</li>





              <li>Áåñøóìíûé âûçîâ</li>





              <li>Ðàçëè÷íûå óðîâíè ãðîìêîñòè,





                âêëþ÷àÿ áåñøóìíûé</li>





              <li>Ðàçëè÷íûå ñèãíàëû è óðîâíè





                ñèãíàëà äëÿ SMS</li>





              <li>Ïðîãðàììèðóåìàÿ ìåëîäèÿ âûçîâà</li>





            </ul>





            <h5>Áåçîïàñíîñòü è ó÷åò ðàçãîâîðîâ</h5>





            <ul>





              <li>Áëîêèðîâêà êëàâèàòóðû</li>





              <li>Ïðåäóïðåæäåíèÿ è îãðàíè÷åíèÿ</li>





              <li>Êîä äîñòóïà ê òåëåôîíó</li>





              <li>PIN1, PIN2</li>





              <li>Êîíòðîëü âðåìåíè çâîíêà</li>





              <li>Çàïðåò âûçîâîâ</li>





            </ul>





            <h5>Èíòåðôåéñ ïîëüçîâàòåëÿ</h5>





            <ul>





              <li>Ãîëîñîâûå êîìàíäû</li>





              <li>Ãîëîñîâîé íàáîð</li>





              <li>Ïîääåðæêà ðóññêîãî ÿçûêà â ìåíþ</li>





              <li>Íàñòðàèâàåìîå ìåíþ</li>





              <li>Íàñòðàèâàåìûå ïðîôèëè</li>





            </ul>





            <h5>Îðãàíàéçåð (PIM)</h5>





            <ul>





              <li>Ðàñøèðåííàÿ òåëåôîííàÿ êíèãà (êîíòàêòíàÿ





                èíôîðìàöèÿ)</li>





              <li>Êàëåíäàðü</li>





              <li>Ñèíõðîíèçàöèÿ ñ ÏÊ</li>





              <li>E-mail àãåíò</li>





              <li>Çàïèñíàÿ êíèãà</li>





              <li>Äèêòîôîí</li>





            </ul>





            <h5>Ïàìÿòü</h5>





            <ul>





              <li>Âûáîð íîìåðà èç òåëåôîííîé êíèãè





                ïðè îòïðàâêå ñîîáùåíèé</li>





              <li>Èçâëå÷åíèå è çàïèñü íîìåðà





                îòïðàâèòåëÿ â òåëåôîííóþ êíèãó</li>





              <li>Ïîêàç íîìåðà àáîíåíòà èëè èìåíè





                êàê çàãîëîâîê ñîîáùåíèÿ</li>





              <li>Ðàçíûå âîçìîæíîñòè íàâèãàöèè è





                ïîèñêà â òåëåôîííîé êíèãå</li>





            </ul>





            <!--h5>Ôóíêöèè íàáîðà íîìåðà</h5>





<ul>





  <li>(ãîëîñîâîé,





    ñîêðàùåííûé, ...)</li>





</ul-->





            <h5>Óïðàâëåíèå çâîíêàìè</h5>





            <ul>





              <li>Óñêîðåííûé íàáîð íîìåðà</li>





              <li>Ãîëîñîâîé íàáîð, îòâåò, îòêàç</li>





              <li>Êîíôåðíö-ñâÿçü</li>





              <li>Îæèäàíèå è óäåðæàíèå çâîíêà</li>





              <li>Ïåðåàäðåñàöèÿ çâîíêîâ</li>





              <li>Èäåíòèôèêàöèÿ èìåíè è íîìåðà





                çâîíÿùåãî</li>





              <li>Àâòîìàòè÷åñêèé è ðó÷íîé âûáîð





                ñåòè</li>





            </ul>





            <h5>Ïåðåäà÷à äàííûõ</h5>





            <ul>





              <li>Ïîääåðæêà ôàêñ-ìîäåìíî', '0', '44', '452_ert68.jpg', '0', '944_ert68_small.jpg', '0', '0', '0', '', '1', '', '0', '');
INSERT INTO SS_products (productID, categoryID, name, description, customers_rating, Price, picture, in_stock, thumbnail, customer_votes, items_sold, show_as_special_offer, big_picture, enabled, brief_description, list_price, product_code) VALUES ('24', '15', 'Ericsson T60', '            <h5>Ñòàíäàðò</h5>





            <ul>





              <li>T60d - DAMPS (âíóòðåííÿÿ àíòåííà)</li>





              <li>T60c - CDMA/AMPS (âûäâèãàþùàÿñÿ àíòåííà)</li>





            </ul>





            <!--h5>Ìåõàíè÷åñêèå õàðàêòåðèñòèêè</h5>





<ul>





  <li>





(áàçîâûå õàðàêòåðèñòèêè "ðàçìåðû" è





    "âåñ" âûíåñåíû â îòäåëüíûå ïîëÿ;





    çäåñü - äîïîëíèòåëüíûå õàðàêòåðèñòèêè)</li>





</ul-->





            <h5>Äèñïëåé</h5>





            <ul>





              <li>Ãðàôè÷åñêèé âûñîêîêîíòðàñòíûé





                äèñïëåé</li>





              <li>7 ñòðîê òåêñòà</li>





              <li>4 óðîâíÿ ñåðîãî</li>





              <li>101 õ 67 ïèêñåëåé</li>





            </ul>





            <h5>Êëàâèàòóðà</h5>





            <ul>





              <li>Êíîïêà - äæîéñòèê</li>





              <li>Ðó÷íàÿ





                áëîêèðîâêà</li>





              <li>Îòâåò íà çâîíîê ëþáîé êíîïêîé</li>





              <li>Ñòèðàíèå ïîñëåäíåãî ñèìâîëà èëè





                âñåãî ýêðàíà</li>





              <li>Êîä âûõîäà íà ìåæäóíàðîäíóþ ñåòü (+)</li>





              <li>Çâóêîâàÿ èíäèêàöèÿ íàæàòèÿ</li>





            </ul>





            <h5>Óïðàâëåíèå çâóêîâûìè ñèãíàëàìè</h5>





            <ul>





              <li>Ðàçëè÷íûå òîíû è ìåëîäèè</li>





              <li>Áåñøóìíûé âûçîâ</li>





              <li>Âèáðîçâîíîê</li>





              <li>Ðàçëè÷íûå óðîâíè ãðîìêîñòè,





                âêëþ÷àÿ áåñøóìíûé</li>





              <li>Ðàçëè÷íûå ñèãíàëû è óðîâíè





                ñèãíàëà äëÿ SMS</li>





              <li>Ïðîãðàììèðóåìàÿ ìåëîäèÿ âûçîâà</li>





              <li>Çàãðóçêà ÷åðåç EMS</li>





            </ul>





            <h5>Áåçîïàñíîñòü è ó÷åò ðàçãîâîðîâ</h5>





            <ul>





              <li>Áëîêèðîâêà êëàâèàòóðû</li>





              <li>Ïðåäóïðåæäåíèÿ è îãðàíè÷åíèÿ</li>





              <li>Êîä äîñòóïà ê òåëåôîíó</li>





              <li>PIN1, PIN2</li>





              <li>Êîíòðîëü âðåìåíè çâîíêà</li>





              <li>Çàïðåò âûçîâîâ</li>





            </ul>





            <h5>Èíòåðôåéñ ïîëüçîâàòåëÿ</h5>





            <ul>





              <li>Ãîëîñîâîé íàáîð</li>





            </ul>





            <h5>Îðãàíàéçåð (PIM)</h5>





            <ul>





              <li>Êàëåíäàðü</li>





              <li>Ñèíõðîíèçàöèÿ ñ ÏÊ</li>





              <li>E-mail àãåíò</li>





              <li>Çàïèñíàÿ êíèãà</li>





            </ul>





            <h5>Ïàìÿòü</h5>





            <ul>





              <li>Ïàìÿòü íà 500 çàïèñåé</li>





              <li>Âûáîð íîìåðà èç òåëåôîííîé êíèãè





                ïðè îòïðàâêå ñîîáùåíèé</li>





              <li>Èçâëå÷åíèå è çàïèñü íîìåðà





                îòïðàâèòåëÿ â òåëåôîííóþ êíèãó</li>





              <li>Ïîêàç íîìåðà àáîíåíòà èëè èìåíè





                êàê çàãîëîâîê ñîîáùåíèÿ</li>





              <li>Ðàçíûå âîçìîæíîñòè íàâèãàöèè è





                ïîèñêà â òåëåôîííîé êíèãå</li>





            </ul>





            <!--h5>Ôóíêöèè íàáîðà íîìåðà</h5>





<ul>





  <li>(ãîëîñîâîé,





    ñîêðàùåííûé, ...)</li>





</ul-->





            <h5>Óïðàâëåíèå çâîíêàìè</h5>





            <ul>





              <li>Óñêîðåííûé íàáîð íîìåðà</li>





              <li>Ãîëîñîâîé íàáîð, îòâåò, îòêàç</li>





              <li>Êîíôåðíö-ñâÿçü</li>





              <li>Îæèäàíèå è óäåðæàíèå çâîíêà</li>





              <li>Ïåðåàäðåñàöèÿ çâîíêîâ</li>





              <li>Èäåíòèôèêàöèÿ èìåíè è íîìåðà





                çâîíÿùåãî</li>





              <li>Àâòîìàòè÷åñêèé è ðó÷íîé âûáîð





                ñåòè</li>





            </ul>





            <h5>Ïåðåäà÷à äàííûõ</h5>





            <ul>





              <li>Ò60ñ ïîääåðæèâàåò cdma2000 1xRTT - äî 153





                êÁèò/ñ</li>





            </', '2.5', '77', '37_ert602.jpg', '6', '764_ert602_small.jpg', '2', '0', '0', '', '0', '', '0', '');
INSERT INTO SS_products (productID, categoryID, name, description, customers_rating, Price, picture, in_stock, thumbnail, customer_votes, items_sold, show_as_special_offer, big_picture, enabled, brief_description, list_price, product_code) VALUES ('25', '14', 'Samsung A100', '			<ul>





			<li>





              <p align="left">Äâóñòàíäàðòíûé (GSM900/1800) </li>





			<li>





              <p align="left">Ãðàôè÷åñêèé äèñïëåé 128õ64 òî÷åê:





              äî 4-õ ñòðîê òåêñòà + ñòðîêà





              ìíåìîíè÷åñêèõ ñèìâîëîâ</li>





			<li>





              <p align="left">Äèíàìè÷åñêè èçìåíÿåìûå





              ðàçìåðû øðèôòà: áîëüøîé / ñðåäíèé /





              ìàëåíüêèé</li>





			<li>





              <p align="left">Óëó÷øåííîå êà÷åñòâî ðå÷è (EFR)</li>





			<li>





              <p align="left">Òåëåôîííàÿ êíèãà: 99 íîìåðîâ + 100 â ïàìÿòè SIM-êàðòû</li>





			<li>





              <p align="left">Àâòîìàòè÷åñêîå çàïîìèíàíèå íîìåðà:





              ïîñëåäíèå<br>





			 - 10 âõîäÿùèõ çâîíêîâ, <br>





			 - 10 èñõîäÿùèõ çâîíêîâ è <br>





			 - 10 îñòàâøèõñÿ áåç îòâåòà çâîíêîâ ñ ôèêñàöèåé âðåìÿ çâîíêà.</li>





			<li>





              <p align="left">Áûñòðûé íàáîð (9 íîìåðîâ)</li>





			<li>





              <p align="left">Îòêëþ÷åíèå ìèêðîôîíà</li>





			<li>





              <p align="left">Êîíôåðåíö-ñâÿçü</li>





			<li>





              <p align="left">19 ÿçûêîâ, âêëþ÷àÿ ðóññêèé </li>





			<li>





              <p align="left">19 ìåëîäèé, 3 òîíà + âèáðîçâîíîê </li>





			<li>





              <p align="left">Âîçìîæíîñòü ðåäàêòèðîâàíèÿ ìåëîäèè çâîíêà </li>





			<li>





              <p align="left">Ðåæèì ðàáîòû - öèôðîâîé, SMS,





              ïîääåðæêà ôàêñ-ìîäåìíîé ñâÿçè äî 9600





              (14400





              áîä - EFR)</li>





			<li>





              <p align="left">Âñòðîåííûé ïðîãðàììíûé





              ìîäåì</li>





			<li>





              <p align="left">ÈÊ ïîðò</li>





			<li>





              <p align="left">Âñòðîåííûé îðãàíàéçåð (êàëåíäàðü/åæåäíåâíèê/êàëüêóëÿòîð),





              8 èãð</li>





			<li>





              <p align="left">Âñòðîåííûå áóäèëüíèê, ÷àñû</li>





			</ul>





            





            <hr>





            <p align="left">Â ïåðâîì êâàðòàëå 2000 ãîäà





            êîìïàíèÿ Ñàìñóíã ïðåäñòàâèò ñâîþ





            íîâóþ ðåâîëþöèîííóþ ìîäåëü SGH-A100.





            Ìîäåëü îáëàäàåò óíèêàëüíûì äèçàéíîì





            è âûïîëíåíà â âèäå êíèæêè (folder-type).





            Îêðóãëûé êîðïóñ òåëåôîíà ñî





            ñãëàæåííûìè êðàÿìè ïðåêðàñíî





            âïèñûâàåòñÿ â ëàäîíü, îáåñïå÷èâàÿ





            êîìôîðò ïîëüçîâàíèÿ. Ïî ñâîèì





            ãàáàðèòàì (80 õ 42 õ 22,9) ïðè âåñå (95 ã)





            òåëåôîí ïðàêòè÷åñêè íå îòëè÷àåòñÿ îò





            îáû÷íîãî ïåéäæåðà, è ïî ïðàâó





            ÿâëÿåòñÿ îäíîé èç ëåã÷àéøèõ





            äâóõäèàïàçîííûõ ìîäåëåé íà ðûíêå.</p>





            <p align="left">Íåëüçÿ íå îòìåòèòü





            ÷ðåçâû÷àéíóþ ïðî÷íîñòü ìîäåëè  ïðè





            ïîïûòêå íàäàâèòü èëè äàæå óäàðèòü ïî





            ëåæàùåé âíèç êëàâèàòóðîé ðàñêðûòîé





            êíèæêå, àïïàðàò ìÿãêî ïðóæèíèò,





            íå ëîìàÿñü.</p>





            <p align="left">Íà äàííûé ìîìåíò äèñïëåé





            SGH-A100 îáëàäàåò íàèáîëüøèì





            ðàçðåøåíèåì èç ïðåäñòàâëåííûõ íà





            ðûíêå àáîíåíòñêîãî îáîðóäîâàíèÿ GSM





            ìîäåëåé (64 õ 128 ïèêñåëîâ)  òàê,





            äèñïëåé ïîçâîëÿåò îòîáðàçèòü





            êàëåíäàðü íà ìåñÿö èëè öåëóþ





            ñòðàíèöó îðãàíàéçåðà.</p>





            <p align="left">Ìîäåëü óêîìïëåêòîâàíà





            èíôðàêðàñíûì ïîðòîì äëÿ ñâÿçè ñ





            êîìïüþòåðîì, ïîçâîëÿÿ ëåãêî





            îñóùåñòâëÿòü òàêèå îïåðàöèè, êàê





            ðåäàêòèðîâàíèå çàïèñíîé êíèæêè,





            ïåðñîíàëüíîãî îðãàíàéçåðà, îòïðàâêà





            SMS-ñîîáùåíèé, ðàáîòà â Èíòåðíåò,





            îòïðàâêà e-mail.</p>





            <p align="left">Âèáðîâûçîâ, íàñòðîéêà çâîíêîâ,





            ñîçäàíèå ìåëîäèé, óñòàíîâêà ìè', '0', '187', '117_SGHA100.jpg', '10', '0', '0', '0', '0', '', '1', '', '0', '');
INSERT INTO SS_products (productID, categoryID, name, description, customers_rating, Price, picture, in_stock, thumbnail, customer_votes, items_sold, show_as_special_offer, big_picture, enabled, brief_description, list_price, product_code) VALUES ('26', '18', 'Siemens SL45', '            <h5>Ñòàíäàðò</h5>





            <ul>





              <li>Äâóõñòàíäàðòíûé (EGSM 900/GSM 1800)</li>





            </ul>





            <!--h5>Ìåõàíè÷åñêèå õàðàêòåðèñòèêè</h5>





<ul>





  <li>





(áàçîâûå õàðàêòåðèñòèêè "ðàçìåðû" è





    "âåñ" âûíåñåíû â îòäåëüíûå ïîëÿ;





    çäåñü - äîïîëíèòåëüíûå õàðàêòåðèñòèêè)</li>





</ul-->





            <h5>Äèñïëåé</h5>





            <ul>





              <li>Ãðàôè÷åñêèé âûñîêîêîíòðàñòíûé





                äèñïëåé</li>





              <li>Ðàçðåøåíèå 101x80 ïèêñåëÿ</li>





              <li>Äî 7 ñòðîê õ 16 ñèìâîëîâ</li>





              <li>ßíòàðíàÿ ïîäñâåòêà</li>





              <li>Èíäèêàòîðû:





                <ul>





                  <li>íàïðÿæåííîñòü ïîëÿ</li>





                </ul>





                <ul>





                  <li>óðîâåíü çàðÿä áàòàðåè</li>





                  <li>çâóêîâîå ñîîáùåíèå</li>





                  <li>òåêñòîâîå ñîîáùåíèå</li>





                  <li>ðîóìèíã è äð.</li>





                </ul>





              </li>





            </ul>





            <h5>Êëàâèàòóðà</h5>





            <ul>





              <li>Íàâèãàöèîííàÿ êëàâèøà</li>





              <li>Àâòîìàòè÷åñêàÿ è ðó÷íàÿ





                áëîêèðîâêà</li>





              <li>Îòâåò íà çâîíîê ëþáîé êíîïêîé</li>





              <li>Ñòèðàíèå ïîñëåäíåãî ñèìâîëà èëè





                âñåãî ýêðàíà</li>





              <li>Êîä âûõîäà íà ìåæäóíàðîäíóþ ñåòü (+)</li>





              <li>Çâóêîâàÿ èíäèêàöèÿ íàæàòèÿ</li>





            </ul>





            <h5>Óïðàâëåíèå çâóêîâûìè ñèãíàëàìè</h5>





            <ul>





              <li>42 ðàçëè÷íûõ òîíîâ è ìåëîäèé +





                ïàìÿòü MultiMediaCard</li>





              <li>Áåñøóìíûé âûçîâ</li>





              <li>Ðàçëè÷íûå óðîâíè ãðîìêîñòè,





                âêëþ÷àÿ áåñøóìíûé</li>





              <li>Ðàçëè÷íûå ñèãíàëû è óðîâíè





                ñèãíàëà äëÿ SMS</li>





              <li>Ïðîãðàììèðóåìàÿ ìåëîäèÿ âûçîâà</li>





            </ul>





            <h5>Îðãàíàéçåð</h5>





            <ul>





              <li>×àñû è äàòà</li>





              <li>Áóäèëüíèê</li>





              <li>Ñåêóíäîìåð</li>





              <li>Êàëüêóëÿòîð</li>





              <li>Êîíâåðòåð âàëþò</li>





              <li>Ïåðåäàâàåìûå ìåæäó òåëåôîíàìè





                áèçíåñ-êàðòû</li>





              <li>Ñèíõðîíèçàöèÿ ñ Microsoft Outlook </li>





            </ul>





            <!--h5>Ïåðñîíàëèçàöèÿ</h5>





<ul>





  <li>





(÷òî ìîæíî íàñòðîèòü ïîä





    ïîëüçîâàòåëÿ - íàïð, ïðèâåòñòâèå, ìåëîäèè,...)</li>





</ul-->





            <h5>Èíòåðôåéñ ïîëüçîâàòåëÿ</h5>





            <ul>





              <li>Àâòîìàòè÷åñêèé âûáîð ÿçûêà, â





                çàâèñèìîñòè îò SIM êàðòû</li>





              <li>Ïîääåðæêà ðóññêîãî ÿçûêà â ìåíþ</li>





              <li>Íàñòðàèâàåìîå ìåíþ</li>





              <li>Àíèìàöèÿ â ìåíþ</li>





              <li>Íàñòðàèâàåìûå ïðîôèëè</li>





              <li>Ãîëîñîâîé íàáîð</li>





            </ul>





            <h5>Ïàìÿòü</h5>





            <ul>





              <li>Òåëåôîííàÿ êíèãà: 500 çàïèñåé ïî 14





                ïîëåé â





                ïàìÿòè òåëåôîíà + 250 íîìåðîâ â





                ïàìÿòè SIM-êàðòû</li>





              <li>Âûáîð íîìåðà èç òåëåôîííîé êíèãè





                ïðè îòïðàâêå ñîîáùåíèé</li>





              <li>Èçâëå÷åíèå è çàïèñü íîìåðà





                îòïðàâèòåëÿ â òåëåôîííóþ êíèãó</li>





              <li>Ïîêàç íîìåðà àáîíåíòà èëè èìåíè





                êàê çàãîëîâîê ñîîáùåíèÿ</li>





              <li>Ðàçíûå âîçìîæíîñòè íàâèãàöèè è





                ïîèñêà â òåëåôîííîé êíèãå</li>





              <li>Àâòîìàòè÷åñêîå çàïîìèíàíèå





                ïîñëåäíèõ<br>





', '3.75', '240', '83_ssl45.jpg', '10', '720_ssl45_small.jpg', '4', '0', '0', '', '1', '', '0', '');
INSERT INTO SS_products (productID, categoryID, name, description, customers_rating, Price, picture, in_stock, thumbnail, customer_votes, items_sold, show_as_special_offer, big_picture, enabled, brief_description, list_price, product_code) VALUES ('27', '18', 'Siemens ME45', '            <h5>Ñòàíäàðò</h5>





            <ul>





              <li>Äâóõñòàíäàðòíûé (EGSM 900/GSM 1800)</li>





            </ul>





            <!--h5>Ìåõàíè÷åñêèå õàðàêòåðèñòèêè</h5>





<ul>





  <li>





(áàçîâûå õàðàêòåðèñòèêè "ðàçìåðû" è





    "âåñ" âûíåñåíû â îòäåëüíûå ïîëÿ;





    çäåñü - äîïîëíèòåëüíûå õàðàêòåðèñòèêè)</li>





</ul-->





            <h5>Äèñïëåé</h5>





            <ul>





              <li>Ãðàôè÷åñêèé âûñîêîêîíòðàñòíûé





                äèñïëåé</li>





              <li>ßíòàðíàÿ ïîäñâåòêà</li>





            </ul>





            <h5>Êëàâèàòóðà</h5>





            <ul>





              <li>Íàâèãàöèîííàÿ êëàâèøà</li>





              <li>Àâòîìàòè÷åñêàÿ è ðó÷íàÿ





                áëîêèðîâêà</li>





              <li>Îòâåò íà çâîíîê ëþáîé êíîïêîé</li>





              <li>Ñòèðàíèå ïîñëåäíåãî ñèìâîëà èëè





                âñåãî ýêðàíà</li>





              <li>Êîä âûõîäà íà ìåæäóíàðîäíóþ ñåòü (+)</li>





              <li>Çâóêîâàÿ èíäèêàöèÿ íàæàòèÿ</li>





            </ul>





            <h5>Óïðàâëåíèå çâóêîâûìè ñèãíàëàìè</h5>





            <ul>





              <li>40 ðàçëè÷íûõ òîíîâ è ìåëîäèé</li>





              <li>Áåñøóìíûé âûçîâ</li>





              <li>Âèáðîçâîíîê</li>





              <li>Ðàçëè÷íûå óðîâíè ãðîìêîñòè,





                âêëþ÷àÿ áåñøóìíûé</li>





              <li>Ðàçëè÷íûå ñèãíàëû è óðîâíè





                ñèãíàëà äëÿ SMS</li>





              <li>Ïðîãðàììèðóåìàÿ ìåëîäèÿ âûçîâà</li>





            </ul>





            <h5>Îðãàíàéçåð</h5>





            <ul>





              <li>×àñû è äàòà</li>





              <li>Áóäèëüíèê</li>





              <li>Ñåêóíäîìåð</li>





              <li>Êàëüêóëÿòîð</li>





              <li>Êîíâåðòåð âàëþò</li>





              <li>Ïåðåäàâàåìûå ìåæäó òåëåôîíàìè





                áèçíåñ-êàðòû</li>





              <li>Ñèíõðîíèçàöèÿ ñ Microsoft Outlook </li>





            </ul>





            <!--h5>Ïåðñîíàëèçàöèÿ</h5>





<ul>





  <li>





(÷òî ìîæíî íàñòðîèòü ïîä





    ïîëüçîâàòåëÿ - íàïð, ïðèâåòñòâèå, ìåëîäèè,...)</li>





</ul-->





            <h5>Èíòåðôåéñ ïîëüçîâàòåëÿ</h5>





            <ul>





              <li>Âñòðîåííàÿ ãðîìêàÿ ñâÿçü</li>





              <li>Ïîääåðæêà ðóññêîãî ÿçûêà â ìåíþ</li>





              <li>Íàñòðàèâàåìîå ìåíþ</li>





              <li>Àíèìàöèÿ â ìåíþ</li>





              <li>Íàñòðàèâàåìûå ïðîôèëè</li>





              <li>Ãîëîñîâîé íàáîð íîìåðîâ</li>





              <li>Ãîëîñîâîé âûçîâ ôóíêöèé</li>





            </ul>





            <h5>Ïàìÿòü</h5>





            <ul>





              <li>Àäðåñíàÿ êíèãà: äî 500 çàïèñåé ïî 14





                ïîëåé â





                ïàìÿòè òåëåôîíà + äî 250 íîìåðîâ â





                ïàìÿòè SIM-êàðòû</li>





              <li>Âûáîð íîìåðà èç òåëåôîííîé êíèãè





                ïðè îòïðàâêå ñîîáùåíèé</li>





              <li>Èçâëå÷åíèå è çàïèñü íîìåðà





                îòïðàâèòåëÿ â òåëåôîííóþ êíèãó</li>





              <li>Ïîêàç íîìåðà àáîíåíòà èëè èìåíè





                êàê çàãîëîâîê ñîîáùåíèÿ</li>





              <li>Ðàçíûå âîçìîæíîñòè íàâèãàöèè è





                ïîèñêà â òåëåôîííîé êíèãå</li>





              <li>Àâòîìàòè÷åñêîå çàïîìèíàíèå





                ïîñëåäíèõ<br>





                - 10 èñõîäÿùèõ çâîíêîâ è<br>





                - 10 âõîäÿùèõ/îñòàâøèõñÿ áåç îòâåòà çâîíêîâ<br>





                ñ ôèêñàöèåé âðåìÿ çâîíêà</li>





            </ul>





            <!--h5>Ôóíêöèè íàáîðà íîìåðà</h5>





<ul>





  <li>(ãîëîñîâîé,





    ñîêðàùåííûé, ...)</li>





</ul-->





            <h5>Óïðàâëåíèå çâîíêàìè</h5>





            <ul>





              <li>Óñêîðåííûé íàáîð íîìåðà - 9 ÿ÷ååê</li>





              <li>Ãîëîñîâîé íàáîð íà 20 íîìåðîâ è 10





                êîìàíä<', '0', '219', '532_sme45.jpg', '10', '546_sme45_small.jpg', '0', '0', '0', '', '1', '', '0', '');
INSERT INTO SS_products (productID, categoryID, name, description, customers_rating, Price, picture, in_stock, thumbnail, customer_votes, items_sold, show_as_special_offer, big_picture, enabled, brief_description, list_price, product_code) VALUES ('28', '18', 'Siemens M35i', '            <h5>Ñòàíäàðò</h5>





            <ul>





              <li>Äâóõñòàíäàðòíûé (EGSM 900/GSM 1800)</li>





            </ul>





            <!--h5>Ìåõàíè÷åñêèå õàðàêòåðèñòèêè</h5>





<ul>





  <li>





(áàçîâûå õàðàêòåðèñòèêè "ðàçìåðû" è





    "âåñ" âûíåñåíû â îòäåëüíûå ïîëÿ;





    çäåñü - äîïîëíèòåëüíûå õàðàêòåðèñòèêè)</li>





</ul-->





            <h5>Äèñïëåé</h5>





            <ul>





              <li>Ãðàôè÷åñêèé âûñîêîêîíòðàñòíûé





                äèñïëåé</li>





              <li>Ðàçðåøåíèå 101x54 ïèêñåëÿ</li>





              <li>Äî 5 ñòðîê õ 16 ñèìâîëîâ</li>





              <li>Èíäèêàòîðû:





                <ul>





                  <li>íàïðÿæåííîñòü ïîëÿ</li>





                </ul>





                <ul>





                  <li>óðîâåíü çàðÿä áàòàðåè</li>





                  <li>çâóêîâîå ñîîáùåíèå</li>





                  <li>òåêñòîâîå ñîîáùåíèå</li>





                  <li>ðîóìèíã è äð.</li>





                </ul>





              </li>





            </ul>





            <h5>Êëàâèàòóðà</h5>





            <ul>





              <li>Àâòîìàòè÷åñêàÿ è ðó÷íàÿ





                áëîêèðîâêà</li>





              <li>Îòâåò íà çâîíîê ëþáîé êíîïêîé</li>





              <li>Ñòèðàíèå ïîñëåäíåãî ñèìâîëà èëè





                âñåãî ýêðàíà</li>





              <li>Êîä âûõîäà íà ìåæäóíàðîäíóþ ñåòü (+)</li>





              <li>Çâóêîâàÿ èíäèêàöèÿ íàæàòèÿ</li>





            </ul>





            <h5>Óïðàâëåíèå çâóêîâûìè ñèãíàëàìè</h5>





            <ul>





              <li>20 ðàçëè÷íûõ òîíîâ è ìåëîäèé</li>





              <li>Áåñøóìíûé âûçîâ</li>





              <li>Ðàçëè÷íûå óðîâíè ãðîìêîñòè,





                âêëþ÷àÿ áåñøóìíûé</li>





              <li>Ðàçëè÷íûå ñèãíàëû è óðîâíè





                ñèãíàëà äëÿ SMS</li>





              <li>Ïðîãðàììèðóåìàÿ ìåëîäèÿ âûçîâà</li>





            </ul>





            <h5>Îðãàíàéçåð</h5>





<ul>





  <li>





×àñû è äàòà</li>





  <li>





Áóäèëüíèê</li>





  <li>





Ñåêóíäîìåð</li>





  <li>





Êàëüêóëÿòîð</li>





  <li>





Êîíâåðòåð âàëþò</li>





  <li>





Ñïèñîê íà 30 çàäà÷/âñòðå÷ ñ íàïîìèíàíèåì</li>





</ul>





  <!--h5>Ïåðñîíàëèçàöèÿ</h5>





<ul>





  <li>





(÷òî ìîæíî íàñòðîèòü ïîä





    ïîëüçîâàòåëÿ - íàïð, ïðèâåòñòâèå, ìåëîäèè,...)</li>





</ul-->





            <h5>Áåçîïàñíîñòü è ó÷åò ðàçãîâîðîâ</h5>





            <ul>





              <li>Áëîêèðîâêà êëàâèàòóðû</li>





              <li>Ïðåäóïðåæäåíèÿ è îãðàíè÷åíèÿ</li>





              <li>Êîä äîñòóïà ê òåëåôîíó</li>





              <li>PIN1, PIN2</li>





              <li>Êîíòðîëü âðåìåíè çâîíêà</li>





              <li>Çàïðåò âûçîâîâ</li>





            </ul>





            <h5>Èíòåðôåéñ ïîëüçîâàòåëÿ</h5>





            <ul>





              <li>Àâòîìàòè÷åñêèé âûáîð ÿçûêà, â





                çàâèñèìîñòè îò SIM êàðòû</li>





              <li>Ïîääåðæêà ðóññêîãî ÿçûêà â ìåíþ</li>





              <li>Íàñòðàèâàåìîå ìåíþ</li>





              <li>Àíèìàöèÿ â ìåíþ</li>





              <li>Íàñòðàèâàåìûå ïðîôèëè</li>





            </ul>





            <h5>Ïàìÿòü</h5>





            <ul>





              <li>Òåëåôîííàÿ êíèãà: 100 íîìåðîâ â





                ïàìÿòè òåëåôîíà + ïàìÿòü SIM-êàðòû</li>





              <li>Âûáîð íîìåðà èç òåëåôîííîé êíèãè





                ïðè îòïðàâêå ñîîáùåíèé</li>





              <li>Èçâëå÷åíèå è çàïèñü íîìåðà





                îòïðàâèòåëÿ â òåëåôîííóþ êíèãó</li>





              <li>Ïîêàç íîìåðà àáîíåíòà èëè èìåíè





                êàê çàãîëîâîê ñîîáùåíèÿ</li>





              <li>Ðàçíûå âîçìîæíîñòè íàâèãàöèè è





                ïîèñêà â òåëåôîííîé êíèãå</li>





              <li>Àâòîìàòè÷åñêîå çàïîìèíàíèå





                ïîñëåäíèõ<br>





', '0', '95', '604_sm35.jpg', '10', '366_sm35_small.jpg', '0', '0', '0', '', '1', '', '0', '');
INSERT INTO SS_products (productID, categoryID, name, description, customers_rating, Price, picture, in_stock, thumbnail, customer_votes, items_sold, show_as_special_offer, big_picture, enabled, brief_description, list_price, product_code) VALUES ('29', '18', 'Siemens C45', '            <h5>Ñòàíäàðò</h5>





            <ul>





              <li>Äâóõñòàíäàðòíûé (EGSM 900/GSM 1800)</li>





            </ul>





            <!--h5>Ìåõàíè÷åñêèå õàðàêòåðèñòèêè</h5>





<ul>





  <li>





(áàçîâûå õàðàêòåðèñòèêè "ðàçìåðû" è





    "âåñ" âûíåñåíû â îòäåëüíûå ïîëÿ;





    çäåñü - äîïîëíèòåëüíûå õàðàêòåðèñòèêè)</li>





</ul-->





            <h5>Äèñïëåé</h5>





            <ul>





              <li>Ãðàôè÷åñêèé âûñîêîêîíòðàñòíûé





                äèñïëåé</li>





              <li>Ðàçðåøåíèå 101x64 ïèêñåëÿ</li>





              <li>Äî 5 ñòðîê õ 16 ñèìâîëîâ</li>





            </ul>





            <h5>Êëàâèàòóðà</h5>





            <ul>





              <li>Ðó÷íàÿ





                áëîêèðîâêà</li>





              <li>Îòâåò íà çâîíîê ëþáîé êíîïêîé</li>





              <li>Ñòèðàíèå ïîñëåäíåãî ñèìâîëà èëè





                âñåãî ýêðàíà</li>





              <li>Êîä âûõîäà íà ìåæäóíàðîäíóþ ñåòü (+)</li>





              <li>Çâóêîâàÿ èíäèêàöèÿ íàæàòèÿ</li>





            </ul>





            <h5>Óïðàâëåíèå çâóêîâûìè ñèãíàëàìè</h5>





            <ul>





              <li>20 ðàçëè÷íûõ òîíîâ è ìåëîäèé</li>





              <li>Áåñøóìíûé âûçîâ</li>





              <li>Ðàçëè÷íûå óðîâíè ãðîìêîñòè,





                âêëþ÷àÿ áåñøóìíûé</li>





              <li>Ðàçëè÷íûå ñèãíàëû è óðîâíè





                ñèãíàëà äëÿ SMS</li>





              <li>Ïðîãðàììèðóåìàÿ ìåëîäèÿ âûçîâà</li>





            </ul>





            <h5>Îðãàíàéçåð</h5>





<ul>





  <li>





×àñû è äàòà</li>





  <li>





Áóäèëüíèê</li>





  <li>





Ñåêóíäîìåð</li>





  <li>





Êàëüêóëÿòîð</li>





  <li>





Êîíâåðòåð âàëþò</li>





  <li>





Ñïèñîê íà 30 çàäà÷/âñòðå÷ ñ íàïîìèíàíèåì</li>





</ul>





  <!--h5>Ïåðñîíàëèçàöèÿ</h5>





<ul>





  <li>





(÷òî ìîæíî íàñòðîèòü ïîä





    ïîëüçîâàòåëÿ - íàïð, ïðèâåòñòâèå, ìåëîäèè,...)</li>





</ul-->





            <h5>Áåçîïàñíîñòü è ó÷åò ðàçãîâîðîâ</h5>





            <ul>





              <li>Áëîêèðîâêà êëàâèàòóðû</li>





              <li>Ïðåäóïðåæäåíèÿ è îãðàíè÷åíèÿ</li>





              <li>Êîä äîñòóïà ê òåëåôîíó</li>





              <li>PIN1, PIN2</li>





              <li>Êîíòðîëü âðåìåíè çâîíêà</li>





              <li>Çàïðåò âûçîâîâ</li>





            </ul>





            <h5>Èíòåðôåéñ ïîëüçîâàòåëÿ</h5>





            <ul>





              <li>Àâòîìàòè÷åñêèé âûáîð ÿçûêà, â





                çàâèñèìîñòè îò SIM êàðòû</li>





              <li>Ïîääåðæêà ðóññêîãî ÿçûêà â ìåíþ</li>





              <li>Íàñòðàèâàåìîå ìåíþ</li>





              <li>Àíèìàöèÿ â ìåíþ</li>





              <li>Íàñòðàèâàåìûå ïðîôèëè</li>





            </ul>





            <h5>Ïàìÿòü</h5>





            <ul>





              <li>Òåëåôîííàÿ êíèãà: 50 íîìåðîâ â





                ïàìÿòè òåëåôîíà + ïàìÿòü SIM-êàðòû</li>





              <li>Âûáîð íîìåðà èç òåëåôîííîé êíèãè





                ïðè îòïðàâêå ñîîáùåíèé</li>





              <li>Èçâëå÷åíèå è çàïèñü íîìåðà





                îòïðàâèòåëÿ â òåëåôîííóþ êíèãó</li>





              <li>Ïîêàç íîìåðà àáîíåíòà èëè èìåíè





                êàê çàãîëîâîê ñîîáùåíèÿ</li>





              <li>Ðàçíûå âîçìîæíîñòè íàâèãàöèè è





                ïîèñêà â òåëåôîííîé êíèãå</li>





              <li>Àâòîìàòè÷åñêîå çàïîìèíàíèå





                ïîñëåäíèõ<br>





                - 10 âõîäÿùèõ çâîíêîâ,<br>





                - 10 èñõîäÿùèõ çâîíêîâ è<br>





                - 10 îñòàâøèõñÿ áåç îòâåòà çâîíêîâ<br>





                ñ ôèêñàöèåé âðåìÿ çâîíêà</li>





            </ul>





            <!--h5>Ôóíêöèè íàáîðà íîìåðà</h5>





<ul>





  <li>(ãîëîñîâîé,





    ñîêðàùåííûé, ...)</li>





</ul-->





            <h5>Óïðàâëåíèå çâîíêàìè</h5>





            <ul>





              <li>Óñêîð', '0', '85.1', '760_sc45.jpg', '2', '729_sc45_small.jpg', '0', '0', '0', '', '1', '', '0', '');
INSERT INTO SS_products (productID, categoryID, name, description, customers_rating, Price, picture, in_stock, thumbnail, customer_votes, items_sold, show_as_special_offer, big_picture, enabled, brief_description, list_price, product_code) VALUES ('30', '18', 'Siemens C35i', '            <h5>Ñòàíäàðò</h5>





            <ul>





              <li>Äâóõñòàíäàðòíûé (EGSM 900/GSM 1800)</li>





            </ul>





            <!--h5>Ìåõàíè÷åñêèå õàðàêòåðèñòèêè</h5>





<ul>





  <li>





(áàçîâûå õàðàêòåðèñòèêè "ðàçìåðû" è





    "âåñ" âûíåñåíû â îòäåëüíûå ïîëÿ;





    çäåñü - äîïîëíèòåëüíûå õàðàêòåðèñòèêè)</li>





</ul-->





            <h5>Äèñïëåé</h5>





            <ul>





              <li>Ãðàôè÷åñêèé âûñîêîêîíòðàñòíûé





                äèñïëåé</li>





              <li>Ðàçðåøåíèå 101x54 ïèêñåëÿ</li>





              <li>Äî 5 ñòðîê õ 16 ñèìâîëîâ</li>





              <li>Èíäèêàòîðû:





                <ul>





                  <li>íàïðÿæåííîñòü ïîëÿ</li>





                </ul>





                <ul>





                  <li>óðîâåíü çàðÿä áàòàðåè</li>





                  <li>çâóêîâîå ñîîáùåíèå</li>





                  <li>òåêñòîâîå ñîîáùåíèå</li>





                  <li>ðîóìèíã è äð.</li>





                </ul>





              </li>





            </ul>





            <h5>Êëàâèàòóðà</h5>





            <ul>





              <li>Àâòîìàòè÷åñêàÿ è ðó÷íàÿ





                áëîêèðîâêà</li>





              <li>Îòâåò íà çâîíîê ëþáîé êíîïêîé</li>





              <li>Ñòèðàíèå ïîñëåäíåãî ñèìâîëà èëè





                âñåãî ýêðàíà</li>





              <li>Êîä âûõîäà íà ìåæäóíàðîäíóþ ñåòü (+)</li>





              <li>Çâóêîâàÿ èíäèêàöèÿ íàæàòèÿ</li>





            </ul>





            <h5>Óïðàâëåíèå çâóêîâûìè ñèãíàëàìè</h5>





            <ul>





              <li>20 ðàçëè÷íûõ òîíîâ è ìåëîäèé</li>





              <li>Áåñøóìíûé âûçîâ</li>





              <li>Ðàçëè÷íûå óðîâíè ãðîìêîñòè,





                âêëþ÷àÿ áåñøóìíûé</li>





              <li>Ðàçëè÷íûå ñèãíàëû è óðîâíè





                ñèãíàëà äëÿ SMS</li>





              <li>Ïðîãðàììèðóåìàÿ ìåëîäèÿ âûçîâà</li>





            </ul>





            <h5>Îðãàíàéçåð</h5>





<ul>





  <li>





×àñû è äàòà</li>





  <li>





Áóäèëüíèê</li>





  <li>





Ñåêóíäîìåð</li>





  <li>





Êàëüêóëÿòîð</li>





  <li>





Êîíâåðòåð âàëþò</li>





  <li>





Ñïèñîê íà 30 çàäà÷/âñòðå÷ ñ íàïîìèíàíèåì</li>





</ul>





  <!--h5>Ïåðñîíàëèçàöèÿ</h5>





<ul>





  <li>





(÷òî ìîæíî íàñòðîèòü ïîä





    ïîëüçîâàòåëÿ - íàïð, ïðèâåòñòâèå, ìåëîäèè,...)</li>





</ul-->





            <h5>Áåçîïàñíîñòü è ó÷åò ðàçãîâîðîâ</h5>





            <ul>





              <li>Áëîêèðîâêà êëàâèàòóðû</li>





              <li>Ïðåäóïðåæäåíèÿ è îãðàíè÷åíèÿ</li>





              <li>Êîä äîñòóïà ê òåëåôîíó</li>





              <li>PIN1, PIN2</li>





              <li>Êîíòðîëü âðåìåíè çâîíêà</li>





              <li>Çàïðåò âûçîâîâ</li>





            </ul>





            <h5>Èíòåðôåéñ ïîëüçîâàòåëÿ</h5>





            <ul>





              <li>Àâòîìàòè÷åñêèé âûáîð ÿçûêà, â





                çàâèñèìîñòè îò SIM êàðòû</li>





              <li>Ïîääåðæêà ðóññêîãî ÿçûêà â ìåíþ</li>





              <li>Íàñòðàèâàåìîå ìåíþ</li>





              <li>Àíèìàöèÿ â ìåíþ</li>





              <li>Íàñòðàèâàåìûå ïðîôèëè</li>





            </ul>





            <h5>Ïàìÿòü</h5>





            <ul>





              <li>Òåëåôîííàÿ êíèãà: 100 íîìåðîâ â





                ïàìÿòè òåëåôîíà + ïàìÿòü SIM-êàðòû</li>





              <li>Âûáîð íîìåðà èç òåëåôîííîé êíèãè





                ïðè îòïðàâêå ñîîáùåíèé</li>





              <li>Èçâëå÷åíèå è çàïèñü íîìåðà





                îòïðàâèòåëÿ â òåëåôîííóþ êíèãó</li>





              <li>Ïîêàç íîìåðà àáîíåíòà èëè èìåíè





                êàê çàãîëîâîê ñîîáùåíèÿ</li>





              <li>Ðàçíûå âîçìîæíîñòè íàâèãàöèè è





                ïîèñêà â òåëåôîííîé êíèãå</li>





              <li>Àâòîìàòè÷åñêîå çàïîìèíàíèå





                ïîñëåäíèõ<br>





', '0.1', '74.99', '387_sc35i.jpg', '10', '549_sc35i_small.jpg', '1', '0', '0', '', '1', '', '0', '');
INSERT INTO SS_products (productID, categoryID, name, description, customers_rating, Price, picture, in_stock, thumbnail, customer_votes, items_sold, show_as_special_offer, big_picture, enabled, brief_description, list_price, product_code) VALUES ('31', '14', 'Samsung A300', '            <h5>Ñòàíäàðò</h5>





            <ul>





              <li>Äâóõñòàíäàðòíûé (GSM 900/1800)</li>





            </ul>





            <!--h5>Ìåõàíè÷åñêèå õàðàêòåðèñòèêè</h5>





<ul>





  <li>





(áàçîâûå õàðàêòåðèñòèêè "ðàçìåðû" è





    "âåñ" âûíåñåíû â îòäåëüíûå ïîëÿ;





    çäåñü - äîïîëíèòåëüíûå õàðàêòåðèñòèêè)</li>





</ul-->





            <h5>Äèñïëåé</h5>





            <ul>





              <li>Ãðàôè÷åñêèé âûñîêîêîíòðàñòíûé





                äèñïëåé





                <ul>





                  <li>128 x 128 ïèêñåëåé</li>





                  <li>6 ñòðîê òåêñòà</li>





                </ul>





              </li>





              <li>Äîïîëíèòåëüíûé äèñïëåé íà





                âíåøíåé êðûøêå





                <ul>





                  <li>80õ48 ïèêñåëåé</li>





                  <li>Ãîëóáàÿ ïîäñâåòêà</li>





                </ul>





              </li>





            </ul>





            <h5>Êëàâèàòóðà</h5>





            <ul>





              <li>Áëîêèðîâêà êëàâèàòóðû</li>





              <li>Îòâåò íà çâîíîê ëþáîé êíîïêîé</li>





              <li>Ñòèðàíèå ïîñëåäíåãî ñèìâîëà èëè





                âñåãî ýêðàíà</li>





              <li>Êîä âûõîäà íà ìåæäóíàðîäíóþ ñåòü (+)</li>





              <li>Çâóêîâàÿ èíäèêàöèÿ íàæàòèÿ</li>





            </ul>





            <h5>Óïðàâëåíèå çâóêîâûìè ñèãíàëàìè</h5>





            <ul>





              <li>47 ìåëîäèé è 3 òîíà</li>





              <li>Ïðîãðàììèðóåìûå ìåëîäèè</li>





              <li>Âèáðîçâîíîê</li>





            </ul>





            <h5>Îðãàíàéçåð</h5>





            <ul>





              <li>×àñû è áóäèëüíèê</li>





              <li>Êàëüêóëÿòîð</li>





              <li>Ðàñïèñàíèå ñ íàïîìèíàíèåì</li>





              <li>Êàëåíäàðü</li>





              <li>Ñïèñîê çàäà÷</li>





              <li>Ìèðîâîå âðåìÿ</li>





            </ul>





            <h5>Ïàìÿòü</h5>





            <ul>





              <li>Òåëåôîííàÿ êíèãà: 99 ÿ÷ååê â ïàìÿòè





                òåëåôîíà + ïàìÿòü SIM-êàðòû</li>





              <li>Âûáîð íîìåðà èç òåëåôîííîé êíèãè





                ïðè îòïðàâêå ñîîáùåíèé</li>





              <li>Èçâëå÷åíèå è çàïèñü íîìåðà





                îòïðàâèòåëÿ â òåëåôîííóþ êíèãó</li>





              <li>Ïîêàç íîìåðà àáîíåíòà èëè èìåíè





                êàê çàãîëîâîê ñîîáùåíèÿ</li>





              <li>Ðàçíûå âîçìîæíîñòè íàâèãàöèè è





                ïîèñêà â òåëåôîííîé êíèãå</li>





              <li>Àâòîìàòè÷åñêîå çàïîìèíàíèå





                ïîñëåäíèõ 10 âõîäÿùèõ / èñõîäÿùèõ /





                îñòàâøèõñÿ áåç îòâåòà çâîíêîâ</li>





            </ul>





            <!--h5>Ôóíêöèè íàáîðà íîìåðà</h5>





<ul>





  <li>(ãîëîñîâîé,





    ñîêðàùåííûé, ...)</li>





</ul-->





            <h5>Óïðàâëåíèå çâîíêàìè</h5>





            <ul>





              <li>Àâòîäîçâîí</li>





              <li>Óñêîðåííûé íàáîð íîìåðà</li>





              <li>Çâîíêè ïî íîìåðàì èç ïàìÿòè è





                òåëåôîííîé êíèãè</li>





              <li>Êîíôåðíö-ñâÿçü</li>





              <li>Îæèäàíèå è óäåðæàíèå çâîíêà</li>





              <li>Ïåðåàäðåñàöèÿ çâîíêîâ</li>





              <li>Èäåíòèôèêàöèÿ èìåíè è íîìåðà





                çâîíÿùåãî</li>





              <li>Àâòîìàòè÷åñêèé è ðó÷íîé âûáîð





                ñåòè</li>





            </ul>





            <h5>Áåçîïàñíîñòü è ó÷åò ðàçãîâîðîâ</h5>





            <ul>





              <li>Áëîêèðîâêà êëàâèàòóðû</li>





              <li>Ïðåäóïðåæäåíèÿ è îãðàíè÷åíèÿ</li>





              <li>Êîä äîñòóïà ê òåëåôîíó</li>





              <li>PIN1, PIN2</li>





            </ul>





            <h5 align="left">Ïåðåäà÷à äàííûõ</h5>





            <ul>





              <li>Ïîääåðæêà ôàêñ-ìîäåìíîé ñâÿçè äî





', '5', '294.99', '539_sgha300.jpg', '10', '0', '2', '0', '0', '', '1', '', '0', '');
INSERT INTO SS_products (productID, categoryID, name, description, customers_rating, Price, picture, in_stock, thumbnail, customer_votes, items_sold, show_as_special_offer, big_picture, enabled, brief_description, list_price, product_code) VALUES ('32', '13', 'BURTON Cruzer', '"freeride/freestyle"', '0', '345', '932_Bur_Cruz_155_m.gif', '10', '174_Bur_Cruz_155_m_small.jpg', '0', '0', '0', '', '1', '', '0', '');
INSERT INTO SS_products (productID, categoryID, name, description, customers_rating, Price, picture, in_stock, thumbnail, customer_votes, items_sold, show_as_special_offer, big_picture, enabled, brief_description, list_price, product_code) VALUES ('33', '12', 'Roces Khuti', 'Îòëè÷íûå ðîëèêè òî Roces!', '2.95', '179', '919_khuti.jpg', '5', '294_khuti_small.jpg', '4', '5', '0', '', '1', '', '0', '');
INSERT INTO SS_products (productID, categoryID, name, description, customers_rating, Price, picture, in_stock, thumbnail, customer_votes, items_sold, show_as_special_offer, big_picture, enabled, brief_description, list_price, product_code) VALUES ('34', '12', 'Roces Majestic 12', '', '5', '149', '327_m12.jpg', '10', '157_m12_small.jpg', '2', '0', '0', '', '1', '', '0', '');
INSERT INTO SS_products (productID, categoryID, name, description, customers_rating, Price, picture, in_stock, thumbnail, customer_votes, items_sold, show_as_special_offer, big_picture, enabled, brief_description, list_price, product_code) VALUES ('35', '12', 'Rollerblade TRS Access', 'Íîâàÿ ìîäåëü îò RB', '0', '0', '643_RBaccess.jpg', '16', '337_RBaccess_small.jpg', '0', '0', '0', '', '1', '', '0', '');
INSERT INTO SS_products (productID, categoryID, name, description, customers_rating, Price, picture, in_stock, thumbnail, customer_votes, items_sold, show_as_special_offer, big_picture, enabled, brief_description, list_price, product_code) VALUES ('36', '39', 'Øòàíû', '', '0', '19', '697_192.gif', '54', '315_192_small.jpg', '0', '1', '0', '', '1', '', '0', '');
INSERT INTO SS_products (productID, categoryID, name, description, customers_rating, Price, picture, in_stock, thumbnail, customer_votes, items_sold, show_as_special_offer, big_picture, enabled, brief_description, list_price, product_code) VALUES ('37', '38', 'Øòàíû', '', '0', '21', '693_193.gif', '0', '116_193_small.jpg', '0', '0', '0', '', '1', '', '0', '');
INSERT INTO SS_products (productID, categoryID, name, description, customers_rating, Price, picture, in_stock, thumbnail, customer_votes, items_sold, show_as_special_offer, big_picture, enabled, brief_description, list_price, product_code) VALUES ('38', '40', 'Êîôòà', 'îò Roces:)', '1.55', '47', '194_095.gif', '3', '480_095_small.jpg', '2', '0', '0', '', '1', '', '0', '');
INSERT INTO SS_products (productID, categoryID, name, description, customers_rating, Price, picture, in_stock, thumbnail, customer_votes, items_sold, show_as_special_offer, big_picture, enabled, brief_description, list_price, product_code) VALUES ('39', '21', 'Diamond Rio Volt', 'Ýòî ïåðâûé CD-MP3 ïëåéåð â ëèíåéêå ïðîäóêòîâ êîìïàíèè SonicBLUE (Diamond/S3). Ïëåéåð èìååò ñòèëüíûé äèçàéí, áîëüøîé èíôîðìàòèâíûé ýêðàí, ïóëüò äèñòàíöèîííîãî óïðàâëåíèÿ, ïîääåðæèâàåò ôîðìàòû MP3, WMA, ñïîñîáåí ðàáîòàòü ñ CD-R è CD-RW äèñêàìè.', '3.81364', '149', 'riovolt_b.jpg', '42220', '697_riovolt_b_small.jpg', '22', '35', '1', '', '1', '', '173', '');
INSERT INTO SS_products (productID, categoryID, name, description, customers_rating, Price, picture, in_stock, thumbnail, customer_votes, items_sold, show_as_special_offer, big_picture, enabled, brief_description, list_price, product_code) VALUES ('41', '21', 'MPIO Ñ-32 FM', 'Êîìïàêòíûé ïðîèãðûâàòåëü MP3 ôàéëîâ, à òàêæå: ðàäèî, äèêòîôîí è çàïèñíàÿ êíèæêà "â îäíîì ôëàêîíå". Îáúåì ïàìÿòè 32(64)Ìb, ñëîò ðàñøèðåíèÿ ïàìÿòè, åñòü âîçìîæíîñòü ïîäêëþ÷åíèÿ ìîäóëÿ öèôðîâîé ôîòîêàìåðû!', '0', '148', '688_mpio[big].gif', '1011', '812_mpio[big]_small.jpg', '0', '0', '0', '', '1', '', '0', '');
INSERT INTO SS_products (productID, categoryID, name, description, customers_rating, Price, picture, in_stock, thumbnail, customer_votes, items_sold, show_as_special_offer, big_picture, enabled, brief_description, list_price, product_code) VALUES ('44', '20', 'Áåç ëèöà', 'ôèëüì Äæîíà Âó<br>





â ðîëÿõ: Äæîí Òðàâîëòà, Íèêîëàñ Êåäæ<br>





æàíð: áîåâèê', '2.65', '22.99', '548_4578.jpg', '1', '580_4578_small.jpg', '14', '9', '0', '', '1', 'ôèëüì Äæîíà Âó<br>





â ðîëÿõ: Äæîí Òðàâîëòà, Íèêîëàñ Êåäæ', '0', '');
INSERT INTO SS_products (productID, categoryID, name, description, customers_rating, Price, picture, in_stock, thumbnail, customer_votes, items_sold, show_as_special_offer, big_picture, enabled, brief_description, list_price, product_code) VALUES ('45', '47', 'Coca-Cola', 'áåç êîììåíòàðèåâ', '3.33333', '0.99', '732_469.jpg', '23462', '0', '6', '10', '0', '', '1', '2 ëèòðà', '1.12', '');
INSERT INTO SS_products (productID, categoryID, name, description, customers_rating, Price, picture, in_stock, thumbnail, customer_votes, items_sold, show_as_special_offer, big_picture, enabled, brief_description, list_price, product_code) VALUES ('112', '71', 'Ãàððè Ïîòòåð. Ìàãè÷åñêèé ãëàç. Àëüáîì ñ 3D êàðòèíêàìè', '', '3.8', '3', '26949.jpg', '44444', '26949s.jpg', '1', '0', '0', '', '1', '', '0', '');
INSERT INTO SS_products (productID, categoryID, name, description, customers_rating, Price, picture, in_stock, thumbnail, customer_votes, items_sold, show_as_special_offer, big_picture, enabled, brief_description, list_price, product_code) VALUES ('113', '73', 'Visual C++ è MFC', 'Êíèãà ïîñâÿùåíà îáúåêòíî-îðèåíòèðîâàííîìó ïðîãðàììèðîâàíèþ äëÿ 32-ðàçðÿäíûõ ñèñòåì Windows 95/98 è Windows NT ñ èñïîëüçîâàíèåì êîìïèëÿòîðà Visual C++ 6 è áèáëèîòåêè êëàññîâ MFC âåðñèè 4.23. Êíèãà ñîäåðæèò èñ÷åðïûâàþùóþ èíôîðìàöèþ î áèáëèîòåêå êëàññîâ MFC (Microsoft Foundation Classes) è ìåòîäàõ ñîçäàíèÿ ïðèëîæåíèé Windows íà îñíîâå êëàññîâ ýòîé áèáëèîòåêè, à òàêæå áîëüøîå êîëè÷åñòâî íàãëÿäíûõ è ïîäðîáíî ïðîêîììåíòèðîâàííûõ ïðèìåðîâ ïðèëîæåíèé, ïîëíûå òåêñòû êîòîðûõ ïðèâåäåíû íà ñîïðîâîäèòåëüíîé äèñêåòå. Äëÿ ïðîãðàììèñòîâ, âëàäåþùèõ ÿçûêàìè Ñ è Ñ++ è èìåþùèõ îïûò ïðîãðàììèðîâàíèÿ â ñèñòåìå Windows 




', '0', '17', '4064.jpg', '1245', '4064s.jpg', '0', '0', '0', '', '1', 'Êíèãà ïîñâÿùåíà îáúåêòíî-îðèåíòèðîâàííîìó ïðîãðàììèðîâàíèþ äëÿ 32-ðàçðÿäíûõ ñèñòåì Windows 95/98 è Windows NT ñ èñïîëüçîâàíèåì', '0', '');
INSERT INTO SS_products (productID, categoryID, name, description, customers_rating, Price, picture, in_stock, thumbnail, customer_votes, items_sold, show_as_special_offer, big_picture, enabled, brief_description, list_price, product_code) VALUES ('114', '73', 'Ïðîôåññèîíàëüíîå PHP ïðîãðàììèðîâàíèå', 'Ýòà êíèãà î ïðîãðàììèðîâàíèè íà PHP - ÿçûêå ñöåíàðèåâ, âûïîëíÿþùèõñÿ íà ñòîðîíå ñåðâåðà äëÿ ñîçäàíèÿ äèíàìè÷åñêèõ âåá-ñòðàíèö. Åãî ìîæíî èñïîëüçîâàòü ñîâìåñòíî ñî ìíîãèìè òåõíîëîãèÿìè, è â ýòîé êíèãå âû íàéäåòå ïîäðîáíîñòè îá èíòåãðàöèè PHP ñ áàçàìè äàííûõ, LDAP, XML è ïî÷òîâûì ñåðâåðîì IMAP. Â êíèãå âû íàéäåòå ïîëíîå îïèñàíèå PHP: îò èíñòàëëÿöèè íà ñåðâåðå è êîíôèãóðèðîâàíèÿ èíòåðïðåòàòîðà ÿçûêà PHP äî ïðèìåðà ïðîåêòèðîâàíèÿ ñëîæíîãî äèíàìè÷åñêîãî ïðèëîæåíèÿ. Êðîìå òîãî, ðàññìàòðèâàåòñÿ ðàáîòà ñ áàçàìè äàííûõ è êàòàëîãàìè, ñ äèíàìè÷åñêîé ãðàôèêîé è XML. Õîòÿ áîëüøàÿ ÷àñòü êíèãè ïîñâÿùåíà PHP3, èíôîðìàöèþ î íîâûõ âîçìîæíîñòÿõ, ïðåäîñòàâëÿåìûõ PHP4, âû òîæå íàéäåòå.




Êíèãà íàïèñàíà ïðîôåññèîíàëüíûìè ïðîãðàììèñòàìè äëÿ ðàçðàáîò÷èêîâ, êîòîðûå õîòÿò äîñòè÷ü ïîäëèííîãî ìàñòåðñòâà â îñóùåñòâëåíèè ñâîèõ âåá-ïðîåêòîâ. Ñïåöèàëèñòàì â îáëàñòè CGI-ïðîãðàììèðîâàíèÿ áûñòðî ðàçâèâàþùàÿñÿ è íàáèðàþùàÿ ïîïóëÿðíîñòü òåõíîëîãèÿ PHP ïðåäîñòàâèò ñêîðîñòü è óäîáñòâî ðàçðàáîòêè. Ïðåäïîëàãàåòñÿ, ÷òî ó ÷èòàòåëÿ åñòü íåêîòîðûå áàçîâûå ïîçíàíèÿ web-òåõíîëîãèé. Îí äîëæåí áûòü â ñîñòîÿíèè ðàáîòàòü ñ HTML, èìåòü îïûò ñîçäàíèÿ ïðîãðàìì íà êàêîì-ëèáî èç ìíîãî÷èñëåííûõ ÿçûêîâ ñöåíàðèåâ èëè ïðîãðàììèðîâàíèÿ è íåêîòîðîå ïðåäñòàâëåíèå î òîì, êàê ðàáîòàåò ñèñòåìà ðàñïðåäåëåííîé èíôîðìàöèè â Ñåòè. Ïðåäïîëàãàåòñÿ òàêæå íàëè÷èå çíàêîìñòâà õîòÿ áû ñ ïðèíöèïàìè ðàáîòû áàç äàííûõ. Êíèãà ÿâëÿåòñÿ ïðèçíàííûì ó÷åáíèêîì ïî äàííîìó ïðåäìåòó, õîðîøî èçâåñòíà ñðåäè ñïåöèàëèñòîâ è èìååò âåñüìà ïîëîæèòåëüíûå îòçûâû.', '0', '15', '8472.jpg', '1235311', '8472s.jpg', '0', '1', '0', '', '1', 'Ýòà êíèãà î ïðîãðàììèðîâàíèè íà PHP - ÿçûêå ñöåíàðèåâ, âûïîëíÿþùèõñÿ íà ñòîðîíå ñåðâåðà äëÿ ñîçäàíèÿ äèíàìè÷åñêèõ âåá-ñòðàíèö.', '18', '');
INSERT INTO SS_products (productID, categoryID, name, description, customers_rating, Price, picture, in_stock, thumbnail, customer_votes, items_sold, show_as_special_offer, big_picture, enabled, brief_description, list_price, product_code) VALUES ('121', '63', 'Lotus Esprit', 'n/a', '0', '72000', '', '3', '', '0', '0', '0', '', '1', '1 øò.', '80000', '');
INSERT INTO SS_products (productID, categoryID, name, description, customers_rating, Price, picture, in_stock, thumbnail, customer_votes, items_sold, show_as_special_offer, big_picture, enabled, brief_description, list_price, product_code) VALUES ('122', '64', 'Lamborghini Diablo', '', '0', '190000', '', '1', '', '0', '0', '0', '', '1', '', '230000', '');
INSERT INTO SS_products (productID, categoryID, name, description, customers_rating, Price, picture, in_stock, thumbnail, customer_votes, items_sold, show_as_special_offer, big_picture, enabled, brief_description, list_price, product_code) VALUES ('123', '82', 'SyncMaster 15', '', '0', '200', '', '56', '', '0', '0', '0', '', '1', '15"', '210', '');
INSERT INTO SS_products (productID, categoryID, name, description, customers_rating, Price, picture, in_stock, thumbnail, customer_votes, items_sold, show_as_special_offer, big_picture, enabled, brief_description, list_price, product_code) VALUES ('124', '82', 'SyncMaster 17', '', '0', '300', '', '31', '', '0', '0', '0', '', '1', '17"', '0', '');
INSERT INTO SS_products (productID, categoryID, name, description, customers_rating, Price, picture, in_stock, thumbnail, customer_votes, items_sold, show_as_special_offer, big_picture, enabled, brief_description, list_price, product_code) VALUES ('125', '82', 'SyncMaster 19', '', '0', '400', '', '9', '', '0', '0', '0', '', '1', '19"', '0', '');
INSERT INTO SS_discussions (DID, productID, Author, Body, add_time, Topic) VALUES ('1', '13', '346314', 'jndfmbncbvnmrymtym


e


tym


et


ym


etymety,', '2003-09-01 19:38:02', '1354gf');
INSERT INTO SS_discussions (DID, productID, Author, Body, add_time, Topic) VALUES ('3', '4', 'hjmfhjgm', '56755', '2003-09-01 20:55:23', 'fhj,hg');
