DROP TABLE IF EXISTS ts_answers;
CREATE TABLE ts_answers (  id int(10) unsigned NOT NULL auto_increment,  answer varchar(100) default NULL,  answer_order tinyint(3) unsigned NOT NULL default '0',  question_id int(10) unsigned default NULL,  correct tinyint(3) unsigned default NULL,  PRIMARY KEY  (id),  UNIQUE KEY ID (id),  KEY question_id (question_id)) TYPE=MyISAM;

DROP TABLE IF EXISTS ts_blackboard;
CREATE TABLE ts_blackboard (  the_key varchar(50) default NULL,  the_value varchar(255) default NULL) TYPE=MyISAM;
INSERT INTO ts_blackboard (the_key, the_value) VALUES ( 'TS_DB_VERSION', '4');

DROP TABLE IF EXISTS ts_categories;
CREATE TABLE ts_categories (  id smallint(5) unsigned NOT NULL auto_increment,  name varchar(30) default NULL,  description varchar(100) default NULL,  PRIMARY KEY  (id),  UNIQUE KEY ID (id)) TYPE=MyISAM;

DROP TABLE IF EXISTS ts_game_cats;
CREATE TABLE ts_game_cats (  game_id smallint(5) unsigned default NULL,  category_id smallint(5) unsigned default NULL,  KEY game_id (game_id),  KEY category_id (category_id)) TYPE=MyISAM;

DROP TABLE IF EXISTS ts_game_sections;
CREATE TABLE ts_game_sections (  id int(10) unsigned NOT NULL auto_increment,  name varchar(50) default NULL,  description varchar(255) default NULL,  section_order tinyint(3) unsigned default '0',  PRIMARY KEY  (id),  UNIQUE KEY id (id)) TYPE=MyISAM;
INSERT INTO ts_game_sections (id, name, description, section_order) VALUES ( '0', '(None)', '', '0');
UPDATE ts_game_sections SET id = 0;

DROP TABLE IF EXISTS ts_game_sessions;
CREATE TABLE ts_game_sessions (  id int(10) unsigned NOT NULL auto_increment,  game_id int(10) unsigned default NULL,  game_key char(32) NOT NULL default '0',  user_id int(10) unsigned default NULL,  question_number tinyint(4) unsigned NOT NULL default '0',  current_question int(11) unsigned NOT NULL default '0',  score int(11) default '0',  start_time int(11) unsigned NOT NULL default '0',  end_time int(11) unsigned NOT NULL default '0',  last_response_time int(11) unsigned NOT NULL default '0',  state tinyint(3) unsigned default '0',  num_questions_correct smallint(5) unsigned default '0',  num_questions_incorrect smallint(5) unsigned default '0',  num_questions_out_of_time smallint(5) unsigned default '0',  game_type tinyint(3) unsigned NOT NULL default '0',  end_type tinyint(3) unsigned NOT NULL default '0',  PRIMARY KEY  (id),  KEY game_id (game_id),  KEY user_id (user_id),  KEY game_type (game_type),  KEY end_type (end_type),  KEY score (score)) TYPE=MyISAM;

DROP TABLE IF EXISTS ts_games;
CREATE TABLE ts_games (  id smallint(5) unsigned NOT NULL auto_increment,  name varchar(30) default NULL,  description varchar(100) default NULL,  plays mediumint(10) unsigned NOT NULL default '0',  questions_per_session tinyint(3) unsigned NOT NULL default '0',  question_time_limit tinyint(3) unsigned default NULL,  correct_points smallint(5) unsigned NOT NULL default '0',  incorrect_penalty smallint(6) unsigned NOT NULL default '0',  num_high_scores tinyint(3) unsigned NOT NULL default '0',  high_score_period smallint(5) unsigned NOT NULL default '0',  show_correct_answer tinyint(3) unsigned NOT NULL default '0',  mode tinyint(3) unsigned NOT NULL default '0',  game_skin varchar(100) NOT NULL default '',  multicategory tinyint(3) unsigned NOT NULL default '0',  last_score_reset int(11) unsigned NOT NULL default '0',  game_order tinyint(3) unsigned NOT NULL default '0',  game_section_id int(10) unsigned NOT NULL default '0',  time_between_games mediumint(8) unsigned default '0',  PRIMARY KEY  (id),  UNIQUE KEY ID (id),  KEY mode (mode)) TYPE=MyISAM;

DROP TABLE IF EXISTS ts_option_groups;
CREATE TABLE ts_option_groups (  id tinyint(3) unsigned NOT NULL auto_increment,  name varchar(30) default NULL,  PRIMARY KEY  (id),  UNIQUE KEY ID (id)) TYPE=MyISAM;
INSERT INTO ts_option_groups (id, name) VALUES ( '1', 'General');
INSERT INTO ts_option_groups (id, name) VALUES ( '2', 'Administration');
INSERT INTO ts_option_groups (id, name) VALUES ( '3', 'Users');
INSERT INTO ts_option_groups (id, name) VALUES ( '4', 'Caching / Compression');
INSERT INTO ts_option_groups (id, name) VALUES ( '5', 'Date/Time');
INSERT INTO ts_option_groups (id, name) VALUES ( '6', 'COPPA');

DROP TABLE IF EXISTS ts_options;
CREATE TABLE ts_options (  name varchar(50) NOT NULL default '',  description varchar(255) NOT NULL default '0',  the_key varchar(50) default NULL,  the_value varchar(255) NOT NULL default '',  default_value varchar(255) NOT NULL default '',  type tinyint(3) unsigned NOT NULL default '0',  input varchar(15) NOT NULL default '',  required tinyint(1) NOT NULL default '0',  size tinyint(4) NOT NULL default '0',  group_id tinyint(3) unsigned NOT NULL default '0',  KEY the_key (the_key)) TYPE=MyISAM;
INSERT INTO ts_options (name, description, the_key, the_value, default_value, type, input, required, size, group_id) VALUES ( 'Site Name', 'The name of your site.', 'HOME_SITE_NAME', 'Example.com', 'Example.com', '2', '', '1', '50', '1');
INSERT INTO ts_options (name, description, the_key, the_value, default_value, type, input, required, size, group_id) VALUES ( 'Home URL', 'The home address of your web site.', 'HOME_SITE_URL', 'http://www.example.com', 'http://www.example.com', '2', 'url', '1', '50', '1');
INSERT INTO ts_options (name, description, the_key, the_value, default_value, type, input, required, size, group_id) VALUES ( 'Trivia Online?', 'Whether or not trivia is accessible. You can use this option to turn the game off should you need to do maintenance.', 'TRIVIA_ONLINE', '1', '1', '1', '', '0', '0', '2');
INSERT INTO ts_options (name, description, the_key, the_value, default_value, type, input, required, size, group_id) VALUES ( 'Maximum Simultaneous Game Sessions', 'The maximum number of users that can simultaneously play trivia. Any additional users will be locked out. Leave blank (or set to 0) for unlimited users.', 'MAX_GAME_SESSIONS', '', '', '2', 'num', '0', '5', '2');
INSERT INTO ts_options (name, description, the_key, the_value, default_value, type, input, required, size, group_id) VALUES ( 'Interrupt Active Game Sessions?', 'Whether or not to interrupt any active game sessions if you set your trivia site to offline. If this is set to no, users who were currently playing games will be able to finish normally if you set the game offline, but no new game sessions can be started.', 'INTERRUPT_ACTIVE_GAME_SESSIONS', '0', '0', '1', '', '0', '0', '2');
INSERT INTO ts_options (name, description, the_key, the_value, default_value, type, input, required, size, group_id) VALUES ( 'Disallowed Usernames', 'Enter usernames (separated by a space) that users will not be able to choose as their username when they register. Note these are NOT case sensitive, so if you were to enter \"admin\", this would prevent sign ups under \"aDmIn\", \"ADMIN\", \"admin\", etc.', 'DISALLOWED_USERNAMES', 'admin', 'admin', '2', 'text', '0', '50', '3');
INSERT INTO ts_options (name, description, the_key, the_value, default_value, type, input, required, size, group_id) VALUES ( 'Disallowed Email Addresses', 'Enter email addresses (each separated by a space) that users will not be able to register under. Enter full email addresses (i.e. you@example.com).', 'DISALLOWED_EMAIL_ADDRESSES', 'user@example.com', 'user@example.com', '2', 'text', '0', '50', '3');
INSERT INTO ts_options (name, description, the_key, the_value, default_value, type, input, required, size, group_id) VALUES ( 'Enable GZIP page compression?', 'If set to yes, all HTML pages outputted by this software will be GZIP compressesed (which can cut the size 5 to 1 in some cases).  This feature is supported by nearly all modern browsers.<br><br>Note: This requires PHP 4.0.4 and ZLIB to use', 'ENABLE_GZIP_COMPRESSION', '0', '0', '1', '', '0', '0', '4');
INSERT INTO ts_options (name, description, the_key, the_value, default_value, type, input, required, size, group_id) VALUES ( 'Offline Message', 'The message to display to users when you set your trivia site to offline (by setting the previous option to \"No\")', 'OFFLINE_MESSAGE', 'Sorry, trivia is currently down for maintenance. Please check back later.', 'Sorry, trivia is currently down for maintenance. Please check back later.', '3', 'text', '1', '0', '2');
INSERT INTO ts_options (name, description, the_key, the_value, default_value, type, input, required, size, group_id) VALUES ( 'Use Email Activation System?', 'Whether or not to use email activation system when new users sign up. With this system, new sign ups are not valid until they click an activation link which is emailed to them at the address they use to sign up. Only applies if above option is set to Yes.', 'USE_EMAIL_ACTIVATION_SYSTEM', '1', '1', '1', '', '1', '0', '3');
INSERT INTO ts_options (name, description, the_key, the_value, default_value, type, input, required, size, group_id) VALUES ( 'Trivia Site Name', 'The name of your Trivia site.', 'TRIVIA_SITE_NAME', 'Example.com Trivia', 'Example.com Trivia', '2', 'text', '1', '50', '1');
INSERT INTO ts_options (name, description, the_key, the_value, default_value, type, input, required, size, group_id) VALUES ( 'Trivia Site URL', 'The web address to where you installed trivia, WITHOUT a trailing slash (i.e. <b>http://example.com/trivia</b>).', 'TRIVIA_SITE_URL', 'http://www.example.cpm/trivia', 'http://www.example.cpm/trivia', '2', 'text', '1', '50', '1');
INSERT INTO ts_options (name, description, the_key, the_value, default_value, type, input, required, size, group_id) VALUES ( 'Date Format', 'The format of the date that is displayed throughout the program. <br><br>The format comes from the PHP date() function: <a href=\"http://www.php.net/manual/en/function.date.php\" target=\"_blank\">http://www.php.net/manual/en/function.date.php</a>', 'DATE_FORMAT', 'F j, Y', 'F j, Y', '2', 'text', '1', '15', '5');
INSERT INTO ts_options (name, description, the_key, the_value, default_value, type, input, required, size, group_id) VALUES ( 'Time Format', 'The format of the time that is displayed throughout the program. <br><br>To format comes from the PHP date() function: <a href=\"http://www.php.net/manual/en/function.date.php\" target=\"_blank\">http://www.php.net/manual/en/function.date.php</a>', 'TIME_FORMAT', 'g:ia', 'g:ia', '2', 'text', '1', '15', '5');
INSERT INTO ts_options (name, description, the_key, the_value, default_value, type, input, required, size, group_id) VALUES ( 'Contact Link', 'A link for your visitors to contact you. This can be a link to a contact form or a direct link to an email address (use: <b>mailto:you@example.com</b>).', 'CONTACT_LINK', 'mailto:you@example.com', 'mailto:you@example.com', '2', 'text', '1', '50', '1');
INSERT INTO ts_options (name, description, the_key, the_value, default_value, type, input, required, size, group_id) VALUES ( 'Send No-cache Headers?', 'Enabling this option will prevent your visitors\' browsers from caching pages. This will keep pages which update often fresh, but could use more bandwidth.', 'SEND_NOCACHE_HEADERS', '1', '1', '1', '', '0', '0', '4');
INSERT INTO ts_options (name, description, the_key, the_value, default_value, type, input, required, size, group_id) VALUES ( 'Email From', 'This is the address that will appear in the \"from\" field when emails are sent out from the software (such as the activation email mailed to a new user sign up).', 'EMAIL_FROM', 'noreply@example.com', 'noreply@example.com', '2', 'email', '0', '50', '3');
INSERT INTO ts_options (name, description, the_key, the_value, default_value, type, input, required, size, group_id) VALUES ( 'Use COPPA Registration System?', 'Whether or not to comply to COPPA (Detailed at: <a href=\"http://www.ftc.gov/opa/1999/9910/childfinal.htm\" target=\"_blank\">http://www.ftc.gov/opa/1999/9910/childfinal.htm</a>), which requires parental permission for children under 13 to register.', 'USE_COPPA', '1', '1', '1', '', '0', '0', '6');
INSERT INTO ts_options (name, description, the_key, the_value, default_value, type, input, required, size, group_id) VALUES ( 'COPPA Fax Number', 'A fax number where parents can fax the permission form to.', 'COPPA_FAX_NUMBER', '', '', '2', 'text', '0', '15', '6');
INSERT INTO ts_options (name, description, the_key, the_value, default_value, type, input, required, size, group_id) VALUES ( 'COPPA Address', 'The address where parents can mail you the permission form.', 'COPPA_ADDRESS', '', '', '3', 'text', '0', '25', '6');
INSERT INTO ts_options (name, description, the_key, the_value, default_value, type, input, required, size, group_id) VALUES ( 'Copyright Notice', 'Your copyright notice, placed at the bottom of the site.', 'COPYRIGHT_NOTICE', '', '', '2', 'text', '0', '50', '1');
INSERT INTO ts_options (name, description, the_key, the_value, default_value, type, input, required, size, group_id) VALUES ( 'Default Time Offset', 'The default timezone for the times displayed on the site.', 'DEFAULT_TIME_OFFSET', '0', '0', '4', '', '1', '0', '1');


DROP TABLE IF EXISTS ts_questions;
CREATE TABLE ts_questions (  id int(10) unsigned NOT NULL auto_increment,  question varchar(125) default NULL,  answer_notes varchar(125) NOT NULL default '',  category_id smallint(5) unsigned default NULL,  PRIMARY KEY  (id),  KEY category_id (category_id),  KEY question (question)) TYPE=MyISAM;

DROP TABLE IF EXISTS ts_template_cache;
CREATE TABLE ts_template_cache (  the_key varchar(100) default NULL,  data mediumtext) TYPE=MyISAM;
INSERT INTO ts_template_cache (the_key, data) VALUES ( 'HEADER', '<!DOCTYPE HTML PUBLIC \"-//W3C//DTD HTML 4.01 Transitional//EN\">\n<html>\n\n<head>\n<meta name=\"keywords\" content=\"Example.com Trivia, Example.com, trivia game, trivia, quiz, games, TriviaShock, Pineapple Technologies\">\n\n<meta name=\"description\" content=\"Example.com Trivia - an interactive trivia game powered by TriviaShock\">\n\n<!-- DO NOT REMOVE OR MODIFY COPYRIGHT AND \"POWERED BY\" NOTICES. YOU MUST LEAVE THEM FULLY VISIBLE TO BE IN COMPLIANCE WITH THE LICENSE TERMS -->\n<title>Example.com Trivia :: powered by TriviaShock</title>\n\n</head>\n\n<style type=\"text/css\">\n\nbody {\n SCROLLBAR-HIGHLIGHT-COLOR: #F0F0F0;\n SCROLLBAR-BASE-COLOR:  #4883E4;\n SCROLLBAR-ARROW-COLOR: #184A9C;\n }\n\n .input {\n FONT-SIZE: 12px;\n FONT-FAMILY: Verdana,Arial,Helvetica,sans-serif;\n COLOR: #000000;\n BACKGROUND-COLOR: #FFFFFF;\n BORDER: 1 solid\n }\n\t\n .button {\n FONT-SIZE: 12px;\n FONT-FAMILY: Verdana,Arial,Helvetica,sans-serif;\n FONT-WEIGHT: bold;\n COLOR: #FFFFFF;\n BACKGROUND-COLOR: #184A9C;\n BORDER: 1 solid\n }\n\n a {\n COLOR: #184A9C\n }\n\n a:hover {\n COLOR: #4883E4\n }\n\n .header1link {\n COLOR: #FFFFFF\n }\n\n .header1link:hover {\n COLOR: #4883E4\n }\n\n .header2link {\n COLOR: #FFFFFF;\n TEXT-DECORATION: NONE\n }\n\n .header2link:hover {\n COLOR: #FFFFFF;\n TEXT-DECORATION: UNDERLINE\n }\n\n .darklink, .cell1link, .cell2link {\n COLOR: #184A9C\n }\n\n .darklink:hover, .cell1link:hover, .cell2link:hover {\n COLOR: #4883E4\n }\n\n</style>\n\n<body bgcolor=\"#F0F0F0\">\n\n<!-- YOU CAN INCLUDE YOUR OWN SITE HEADER HERE, USING THE PHP require() FUNCTION -->\n\n<font size=2 face=\"verdana,arial\" color=\"#000000\">\n\n<center>\n<table width=\"800\" border=0 cellspacing=5 border=0 cellpadding=1>\n<tr><td bgcolor=\"#000000\" width=\"100%\" align=center>\n\n<table width=\"100%\" border=0 cellspacing=0 border=0 cellpadding=10>\n<tr><td bgcolor=\"#FFFFFF\" width=\"100%\">\n\n<!-- A note to the administrator if the trivia site is offline -->\n{ADMIN_OFFLINE_NOTICE}\n\n<center>\n<table width=\"100%\"><tr><td align=center width=\"50%\">\n<img src=\"images/triviashock_light.gif\">\n</td>\n<td align=center width=\"50%\">\n\n<table cellspacing=0 cellpadding=0 border=0 width=\"75%\">\n<tr><td bgcolor=\"#000000\">\n<table cellpadding=4 cellspacing=1 border=0 width=\"100%\">\n\n<tr><td bgcolor=\"#184A9C\" width=\"25%\" align=center>\n<font size=2 face=\"verdana,arial,helvetica\" color=\"#FFFFFF\">\n<b><a href=\"{TRIVIA_MAIN_PAGE_LINK}\" class=header1link>HOME</a></b>\n</td>\n\n<td bgcolor=\"#184A9C\" width=\"25%\" align=center>\n<font size=2 face=\"verdana,arial,helvetica\" color=\"#FFFFFF\">\n<b><a href=\"{REGISTER_LINK}\" class=header1link>REGISTER</a></b>\n</font>\n</td>\n\n<td bgcolor=\"#184A9C\" width=\"25%\" align=center>\n<font size=2 face=\"verdana,arial,helvetica\" color=\"#FFFFFF\">\n<b><a href=\"{PROFILE_LINK}\" class=header1link>PROFILE</a></b>\n</font>\n</td>\n\n<td bgcolor=\"#184A9C\" width=\"25%\" align=center>\n<font size=2 face=\"verdana,arial,helvetica\" color=\"#FFFFFF\">\n<b><a href=\"{FAQ_LINK}\" class=header1link>FAQ</a></b>\n</font>\n</td>\n\n</tr></table>\n</table>\n\n</td></tr></table>\n<br>\n</center>\n\n<font size=2 face=\"verdana,arial\" color=\"#000000\">\n\n');
INSERT INTO ts_template_cache (the_key, data) VALUES ( 'TRIVIA_MAIN_PAGE', '<table cellspacing=0 cellpadding=0 border=0 width=\"100%\">\n\n<big><big><b>:: Example.com Trivia</b></big></big>\n\n<br>\n\n<tr><td bgcolor=\"#000000\">\n<table cellpadding=4 cellspacing=1 border=0 width=\"100%\">\n\n<tr><td bgcolor=\"#F0F0F0\" width=\"50%\" align=center>\n\n<table width=\"100%\">\n\n<tr><td bgcolor=\"#F0F0F0\" width=\"50%\" align=left nowrap>\n<font size=2 face=\"verdana,arial,helvetica\" color=\"#000000\"><small>\n<b>Registered Users:</b> {REGISTERED_USERS}<br>\n<b>Newest User:</b> {NEWEST_USER}\n</small>\n</td>\n\n<td bgcolor=\"#F0F0F0\" width=\"50%\" align=right nowrap>\n<font size=2 face=\"verdana,arial,helvetica\" color=\"#000000\"><small>\n<b>Users Currently Playing:</b> {USERS_PLAYING}<br>\n<b>Total Games Played:</b> {GAMES_PLAYED}<br>\n</small>\n</td>\n</tr></table>\n\n<td bgcolor=\"#FFFFFF\" width=\"50%\">\n<font size=2 face=\"verdana,arial,helvetica\" color=\"#000000\">\n<small>\nWelcome! If you are a new user, you may want to check out the <a href=\"{FAQ_LINK}\">FAQ</a>. You will need to <a href=\"{REGISTER_LINK}\">register</a> before you can play.\n</small>\n</font>\n</td></tr></table>\n</table>\n\n<font size=2 face=\"verdana,arial\" color=\"#000000\">\n\n<br>\n\n<table cellspacing=0 cellpadding=0 border=0 width=100%>\n<tr><td bgcolor=#000000>\n<table cellpadding=4 cellspacing=1 border=0 width=\"100%\">\n\n<tr>\n<td bgcolor=\"#184A9C\" align=center width=\"60%\" nowrap colspan=2>\n<font size=2 face=\"verdana,arial,helvetica\" color=\"#FFFFFF\">\n<small><b>Trivia Game</b></small>\n</font>\n</td>\n\n<td bgcolor=\"#184A9C\" align=center nowrap>\n<font size=2 face=\"verdana,arial,helvetica\" color=\"#FFFFFF\">\n<small><b>Questions</b></small>\n</font>\n</td>\n\n<td bgcolor=\"#184A9C\" align=center nowrap>\n<font size=2 face=\"verdana,arial,helvetica\" color=\"#FFFFFF\">\n<small><b>Times Played</b></small>\n</font>\n</td>\n\n<td bgcolor=\"#184A9C\" align=center nowrap>\n<font size=2 face=\"verdana,arial,helvetica\" color=\"#FFFFFF\">\n<small><b>High Score</b></small>\n</font>\n</td>\n</tr>\n\n{GAME_LIST}\n\n</table>\n</td></tr></table>\n');
INSERT INTO ts_template_cache (the_key, data) VALUES ( 'GAME_LISTING', '<tr>\n\n<td bgcolor=\"#F0F0F0\" width=\"3%\">\n&nbsp;\n</td>\n\n<td bgcolor=\"#FFFFFF\" width=\"60%\">\n<font size=2 face=\"verdana,arial,helvetica\" color=\"#000000\">\n<b><a href=\"{TRIVIA_GAME_INFO_LINK}\">{TRIVIA_GAME_NAME}</a></b><br>\n<small>{TRIVIA_GAME_DESCRIPTION}</small>\n</font>\n</td>\n\n<td bgcolor=\"#F0F0F0\" align=center>\n<font size=2 face=\"verdana,arial,helvetica\" color=\"#000000\">\n{TRIVIA_GAME_NUM_QUESTIONS}\n</font>\n</td>\n\n<td bgcolor=\"#FFFFFF\" align=center>\n<font size=2 face=\"verdana,arial,helvetica\" color=\"#000000\">\n{TRIVIA_GAME_NUM_PLAYS}\n</font>\n</td>\n\n<td bgcolor=\"#F0F0F0\" align=center>\n<font size=2 face=\"verdana,arial,helvetica\" color=\"#000000\">\n<!-- Replaced with CURRENT_HIGH_SCORE template if there is a high score, or CURRENT_HIGH_SCORE_NONE if not -->\n{CURRENT_HIGH_SCORE}\n</td>\n</tr>');
INSERT INTO ts_template_cache (the_key, data) VALUES ( 'CURRENT_HIGH_SCORE', '<small><b>{SCORE}</b> by <b><a href=\"{PROFILE_LINK}\" class=cell1link>{USERNAME}</a></b></small>');
INSERT INTO ts_template_cache (the_key, data) VALUES ( 'CURRENT_HIGH_SCORE_NONE', '<small>(None yet)</small>');
INSERT INTO ts_template_cache (the_key, data) VALUES ( 'GAME_INFO_PAGE', '<font size=2 face=\"verdana,arial\" color=\"#000000\">\n<b>\n:: <a href=\"{TRIVIA_MAIN_PAGE_LINK}\">Example.com Trivia</a> :: \n{TRIVIA_GAME_NAME}\n</b>\n</font>\n<br><br>\n\n<center>\n<table cellspacing=0 cellpadding=0 border=0 width=\"100%\">\n<tr><td bgcolor=#000000>\n<table cellpadding=4  cellspacing=\n1 border=0 width=100%>\n\n<tr>\n<td bgcolor=\"#184A9C\" width=\"100%\" align=center colspan=2>\n<font size=2 face=\"verdana,arial,helvetica\" color=\"#FFFFFF\">\n<big><b>{TRIVIA_GAME_NAME}</b></big>\n</font>\n</td></tr>\n\n<tr>\n<td bgcolor=\"#FFFFFF\" width=\"100%\" align=center colspan=2>\n<font size=2 face=\"verdana,arial,helvetica\" color=\"#000000\">\n{TRIVIA_GAME_DESCRIPTION}\n<br><br>\n\n<table width=\"100%\" cellspacing=0 cellpadding=3>\n<tr>\n<td width=\"50%\" align=center>\n<font size=2 face=\"verdana,arial,helvetica\" color=\"#000000\">\n<small>This game has been played <b>{TRIVIA_GAME_NUM_PLAYS}</b> times.</small>\n</td>\n<td width=\"50%\" align=center>\n<font size=2 face=\"verdana,arial,helvetica\" color=\"#000000\">\n<small>Current High Score: <b>{SCORE}</b> by <b>{USERNAME}</b></small>\n</td></tr></table>\n\n</td>\n</tr>\n\n\n\n\n</font>\n\n</td></tr>\n\n<tr>\n<td bgcolor=\"#4883E4\" width=\"100%\" align=center colspan=2>\n<font size=2 face=\"verdana,arial,helvetica\" color=\"#FFFFFF\">\n<b>Game Rules</b>\n</font>\n\n</td></tr>\n\n<tr>\n<td bgcolor=\"#FFFFFF\" width=\"100%\" colspan=2>\n<font size=2 face=\"verdana,arial,helvetica\" color=\"#000000\">\n<blockquote>\n<ul type=square>\n<li>The game will consist of <b>{TRIVIA_GAME_QUESTIONS_PER_SESSION}</b> questions.\n<li>You will have <b>{TRIVIA_GAME_QUESTION_TIME_LIMIT}</b> seconds to answer each question.\n<li>You will score <b>{TRIVIA_GAME_CORRECT_POINTS}</b> points for answering a question correctly.\n<li>You will lose <b>{TRIVIA_GAME_INCORRECT_PENALTY}</b> points for answering a question\nincorrectly or running out of time.\n</ul>\n\n \n</blockquote>\n</font>\n\n</td></tr></table>\n</td></tr></table>\n\n<br>\n\n<table cellspacing=0 cellpadding=0 border=0 width=\"50%\">\n<tr><td bgcolor=\"#000000\">\n<table cellpadding=4 cellspacing=1 border=0 width=\"100%\">\n\n<tr><td bgcolor=\"#184A9C\" width=\"50%\" align=center nowrap>\n<font size=2 face=\"verdana,arial,helvetica\" color=\"#FFFFFF\">\n<b><a href=\"javascript:void(null)\" onClick=\"javascript:window.open(\'{PLAY_LINK}\', \'play\', \'menubar=no, width=600, height=400, toolbar=no, scollbars=no, status=no, directories=no\')\" class=header1link>PLAY NOW!</a></b>\n</td>\n\n<td bgcolor=\"#184A9C\" width=\"50%\" align=center nowrap>\n<font size=2 face=\"verdana,arial,helvetica\" color=\"#FFFFFF\">\n<b><a href=\"{HIGH_SCORE_LINK}\" class=header1link>VIEW HIGH SCORES</a></b>\n</font>\n</td></tr></table>\n</td></tr></table>\n\n<br>\n\n<table cellspacing=0 cellpadding=0 border=0 width=\"100%\">\n<tr><td bgcolor=#000000>\n<table cellpadding=4 cellspacing=\n1 border=0 width=100%>\n\n<td bgcolor=\"#4883E4\" width=\"100%\" align=center>\n<font size=2 face=\"verdana,arial,helvetica\" color=\"#FFFFFF\">\n<big><b>Users currently playing: {NUM_PLAYERS}</b></big>\n</font>\n</td></tr>\n\n<tr>\n<td bgcolor=\"#FFFFFF\" width=\"100%\" align=center>\n<font size=2 face=\"verdana,arial,helvetica\" color=\"#000000\">\n{USER_LIST}\n</font>\n\n</td></tr></table>\n</td></tr></table>\n\n\n<br>\n\n<br>');
INSERT INTO ts_template_cache (the_key, data) VALUES ( 'USER_PLAYING', '<a href=\"{PROFILE_LINK}\" class=cell1link>{USERNAME}</a>');
INSERT INTO ts_template_cache (the_key, data) VALUES ( 'HIGH_SCORE_LIST', '<font size=2 face=\"verdana,arial,helvetica\" color=\"#000000\">\n<b>\n:: <a href=\"{TRIVIA_MAIN_PAGE_LINK}\">Example.com Trivia</a> :: \n<a href=\"{GAME_INFO_PAGE_LINK}\">{TRIVIA_GAME_NAME}</a> :: \nHigh Scores</b>\n\n<br><br>\n\n<center>\n<table cellspacing=0 cellpadding=0 border=0 width=\"100%\">\n<tr><td bgcolor=#000000>\n<table cellpadding=4  cellspacing=1 border=0 width=100%>\n\n<tr>\n<td bgcolor=\"#184A9C\" width=\"100%\" align=center colspan=4>\n<font size=2 face=\"verdana,arial,helvetica\" color=\"#FFFFFF\">\n<big><b>{TRIVIA_GAME_NAME} :: Top {NUM_HIGH_SCORES} Scores</b></big>\n</font>\n</td></tr>\n\n<tr>\n<td bgcolor=\"#4883E4\" width=\"10%\" align=center>\n<font size=2 face=\"verdana,arial,helvetica\" color=\"#FFFFFF\">\n<small><b>Rank</b></small>\n</font>\n</td>\n\n<td bgcolor=\"#4883E4\" width=\"50%\" align=center>\n<font size=2 face=\"verdana,arial,helvetica\" color=\"#FFFFFF\">\n<small><b>Player</b></small>\n</font>\n</td>\n\n<td bgcolor=\"#4883E4\" width=\"15%\" align=center>\n<font size=2 face=\"verdana,arial,helvetica\" color=\"#FFFFFF\">\n<small><b>Score</b></small>\n</font>\n</td>\n\n<td bgcolor=\"#4883E4\" width=\"25%\" align=center nowrap>\n<font size=2 face=\"verdana,arial,helvetica\" color=\"#FFFFFF\">\n<small><b>Date / Time</b></small>\n</font>\n</td>\n\n</tr>\n\n{HIGH_SCORES}\n\n</table>\n</td></tr></table>\n\n<br>\n');
INSERT INTO ts_template_cache (the_key, data) VALUES ( 'HIGH_SCORE', '<tr>\n\n<!-- RANK -->\n<td bgcolor=\"#FFFFFF\" width=\"10%\" align=center>\n<font size=2 face=\"verdana,arial,helvetica\" color=\"#000000\">\n{RANK}\n</font>\n</td>\n\n<!-- USERNAME -->\n<td bgcolor=\"#FFFFFF\" width=\"50%\">\n<font size=2 face=\"verdana,arial,helvetica\" color=\"#000000\">\n<a href=\"{PROFILE_LINK}\" class=cell1link>{USERNAME}</a>\n</font>\n</td>\n\n<!-- SCORE -->\n<td bgcolor=\"#FFFFFF\" width=\"15%\" align=center>\n<font size=2 face=\"verdana,arial,helvetica\" color=\"#000000\">\n{SCORE}\n</font>\n</td>\n\n<!-- DATE / TIME -->\n<td bgcolor=\"#FFFFFF\" width=\"25%\" align=center>\n<font size=2 face=\"verdana,arial,helvetica\" color=\"#000000\">\n<small>{DATETIME}</small>\n</font>\n</td>\n\n</tr>');
INSERT INTO ts_template_cache (the_key, data) VALUES ( 'HIGH_SCORE_NONE', '<tr>\n\n<!-- RANK -->\n<td bgcolor=\"#FFFFFF\" width=\"10%\" align=center>\n<font size=2 face=\"verdana,arial,helvetica\" color=\"#000000\">\n{RANK}\n</font>\n</td>\n\n<!-- USERNAME -->\n<td bgcolor=\"#FFFFFF\" width=\"50%\">\n<font size=2 face=\"verdana,arial,helvetica\" color=\"#000000\">\n-\n</font>\n</td>\n\n<!-- SCORE -->\n<td bgcolor=\"#FFFFFF\" width=\"15%\" align=center>\n<font size=2 face=\"verdana,arial,helvetica\" color=\"#000000\">\n-\n</font>\n</td>\n\n<!-- DATE / TIME -->\n<td bgcolor=\"#FFFFFF\" width=\"25%\" align=center>\n<font size=2 face=\"verdana,arial,helvetica\" color=\"#000000\">\n-\n</font>\n</td>\n\n</tr>');
INSERT INTO ts_template_cache (the_key, data) VALUES ( 'PLAY', '<!DOCTYPE HTML PUBLIC \"-//W3C//DTD HTML 4.01 Transitional//EN\">\n<html>\n<head>\n\n<!-- DO NOT REMOVE OR MODIFY COPYRIGHT AND \"POWERED BY\" NOTICES. YOU MUST LEAVE THEM FULLY VISIBLE TO BE IN COMPLIANCE WITH THE LICENSE TERMS -->\n<title>{TRIVIA_GAME_NAME} :: powered by TriviaShock</title>\n\n</head>\n<body bgcolor=\"#F0F0F0\" marginwidth=0 marginheight=0 topmargin=0 bottommargin=0 leftmargin=0 rightmargin=0>\n\n<center>\n\n<OBJECT classid=\"clsid:D27CDB6E-AE6D-11cf-96B8-444553540000\"\ncodebase=\"http://download.macromedia.com/pub/shockwave/cabs/flash/swflash.cab#version=5,0,0,0\"\nWIDTH=600 HEIGHT=400><PARAM NAME=movie VALUE=\"{FRONTEND_URL}\"> <PARAM NAME=quality VALUE=high><PARAM NAME=bgcolor VALUE=\"#F0F0F0\"><EMBED src=\"{FRONTEND_URL}\" quality=high bgcolor=\"#F0F0F0\"  WIDTH=600 HEIGHT=400 TYPE=\"application/x-shockwave-flash\" PLUGINSPAGE=\"http://www.macromedia.com/shockwave/download/index.cgi?P1_Prod_Version=ShockwaveFlash\"></EMBED>\n</OBJECT>\n\n</center>\n\n</body>\n</html>');
INSERT INTO ts_template_cache (the_key, data) VALUES ( 'FAQ', '<font size=2 face=\"verdana,arial\" color=\"#000000\">\n<b>\n:: <a href=\"{TRIVIA_MAIN_PAGE_LINK}\">Example.com Trivia</a> :: Frequently Asked Questions\n</b>\n</font>\n<br><br>\n\n<center>\n<table cellspacing=0 cellpadding=0 border=0 width=\"100%\">\n<tr><td bgcolor=#000000>\n<table cellpadding=4  cellspacing=\n1 border=0 width=100%>\n\n<tr>\n<td bgcolor=\"#184A9C\" width=\"100%\" align=center>\n<font size=2 face=\"verdana,arial,helvetica\" color=\"#FFFFFF\">\n<big><b>Frequently Asked Questions (FAQ)</b></big>\n</font>\n</td></tr>\n\n<tr>\n<td bgcolor=\"#4883E4\" width=\"100%\" align=center>\n<font size=2 face=\"verdana,arial,helvetica\" color=\"#FFFFFF\">\n<big><b>Why should I register?</b></big>\n</font>\n</td></tr>\n<tr>\n<td bgcolor=\"#FFFFFF\" width=\"100%\">\n<font size=2 face=\"verdana,arial,helvetica\" color=\"#000000\">\nYou must register before you can play Trivia games. Registration is free and only\ntakes a few minutes. By registering, the trivia software can keep up with your name and list you on high scores should you qualify for them. In addition, each registered user will have a profile which contains optional fields that other users can see (a link to your homepage, your location, biography, etc, if you choose to enter them). Your profile will also show the number of trivia games you have played and the last game you played.\n</font>\n</td>\n</tr>\n\n<tr>\n<td bgcolor=\"#4883E4\" width=\"100%\" align=center>\n<font size=2 face=\"verdana,arial,helvetica\" color=\"#FFFFFF\">\n<big><b>How do I play?</b></big>\n</font>\n</td></tr>\n<tr>\n<td bgcolor=\"#FFFFFF\" width=\"100%\">\n<font size=2 face=\"verdana,arial,helvetica\" color=\"#000000\">\nTrivia games are played through a Flash 5, animated interface. To play a trivia game,\nyou must first be logged in. Then, proceed to the game by selecting a game from the\nmain page. Next, click the \"Play Now!\" link, and a window will pop up containing the\ngame.\n</font>\n</td>\n</tr>\n\n<tr>\n<td bgcolor=\"#4883E4\" width=\"100%\" align=center>\n<font size=2 face=\"verdana,arial,helvetica\" color=\"#FFFFFF\">\n<big><b>Do I need Flash 5 to Play?</b></big>\n</font>\n</td></tr>\n<tr>\n<td bgcolor=\"#FFFFFF\" width=\"100%\">\n<font size=2 face=\"verdana,arial,helvetica\" color=\"#000000\">\nYes, Flash 5 is required to play Trivia games. Almost all browsers support\nFlash 5 and most have it installed. Some browsers will even prompt you to download\nFlash 5 and install it automatically if you attempt to play the game. Otherwise,\nyuo can obtain it by downloading from the link below. <br><br>\n<center>\n<a href=\"http://www.macromedia.com/shockwave/download/index.cgi?P1_Prod_Version=ShockwaveFlash\">Download Flash 5</a>\n</center>\n</font>\n</td>\n</tr>\n\n<tr>\n<td bgcolor=\"#4883E4\" width=\"100%\" align=center>\n<font size=2 face=\"verdana,arial,helvetica\" color=\"#FFFFFF\">\n<big><b>I signed up and tried to log in, but it says invalid login, why?</b></big>\n</font>\n</td></tr>\n<tr>\n<td bgcolor=\"#FFFFFF\" width=\"100%\">\n<font size=2 face=\"verdana,arial,helvetica\" color=\"#000000\">\nThere could be two reasons why your login is not working:\n<br>\n<ol>\n<li>Your username and/or password were invalid. Please make sure you typed them\nin correctly. If you have forgotten your username or password, you can click the\nlink below the login form to have your username and password emailed to the address\nyou signed up under.</li>\n\n<li>If the administrator of this site has enabled it, you must first activate your\naccount before you can log in. When you first register, details on how to activate\nyour account should be emailed to you. Follow the instructions in that email to activate\nyour account. Once those steps are completed, you will be given a login form and you\nwill be able to log in.\n</ol>\n</font>\n</td>\n</tr>\n\n\n<tr>\n<td bgcolor=\"#4883E4\" width=\"100%\" align=center>\n<font size=2 face=\"verdana,arial,helvetica\" color=\"#FFFFFF\">\n<big><b>Does this site use Cookies?</b></big>\n</font>\n</td></tr>\n<tr>\n<td bgcolor=\"#FFFFFF\" width=\"100%\">\n<font size=2 face=\"verdana,arial,helvetica\" color=\"#000000\">\nYes, this site will use a few cookies when you register or attempt to log in.\nThe cookies simply contain your login name and password so that you can stay\nlogged in.\n</font>\n</td>\n</tr>\n\n<tr>\n<td bgcolor=\"#4883E4\" width=\"100%\" align=center>\n<font size=2 face=\"verdana,arial,helvetica\" color=\"#FFFFFF\">\n<big><b>Will other users be able to see my email address?</b></big>\n</font>\n</td></tr>\n<tr>\n<td bgcolor=\"#FFFFFF\" width=\"100%\">\n<font size=2 face=\"verdana,arial,helvetica\" color=\"#000000\">\nNo. Your email address will Not be shown on your profile and will not be visible\nto other users.\n</font>\n</td>\n</tr>\n\n</table>\n</td></tr></table>\n\n');
INSERT INTO ts_template_cache (the_key, data) VALUES ( 'USER_REGISTER', '<center>\n<table cellspacing=0 cellpadding=0 border=0 width=\"100%\">\n<tr><td bgcolor=#000000>\n<table cellpadding=4  cellspacing=\n1 border=0 width=100%>\n\n<tr>\n<td bgcolor=\"#184A9C\" width=\"100%\" align=center colspan=2>\n<font size=2 face=\"verdana,arial,helvetica\" color=\"#FFFFFF\">\n<b>Required Fields</b> - Needed for your registration.\n</font>\n</td></tr>\n\n<tr>\n<td bgcolor=\"#FFFFFF\" width=\"20%\">\n<font size=2 face=\"verdana,arial,helvetica\" color=\"#000000\">\n<b>Username</b><br>\n<small>Choose a username between 1 and 20 characters long.</small>\n</font>\n</td>\n<td bgcolor=\"#FFFFFF\" width=\"80%\">\n{USERNAME_FIELD}\n</td>\n</tr>\n\n<tr>\n<td bgcolor=\"#FFFFFF\" width=\"20%\">\n<font size=2 face=\"verdana,arial,helvetica\" color=\"#000000\">\n<b>Password</b><br>\n<small>Enter a password to log in with. Remember your password!</small>\n</font>\n</td>\n<td bgcolor=\"#FFFFFF\" width=\"80%\">\n{PASSWORD_FIELD}\n</td>\n</tr>\n\n<tr>\n<td bgcolor=\"#FFFFFF\" width=\"20%\">\n<font size=2 face=\"verdana,arial,helvetica\" color=\"#000000\">\n<b>Retype Password</b><br>\n<small>Retype your password</small>\n</font>\n</td>\n<td bgcolor=\"#FFFFFF\" width=\"80%\">\n{PASSWORD_RETYPE_FIELD}\n</td>\n</tr>\n\n<tr>\n<td bgcolor=\"#FFFFFF\" width=\"20%\">\n<font size=2 face=\"verdana,arial,helvetica\" color=\"#000000\">\n<b>Email</b><br>\n<small>Enter your email address. Your email address is required for registration,\nso use your real email address. Other users will <b>not</b> be able to see your email address.</small>\n</font>\n</td>\n<td bgcolor=\"#FFFFFF\" width=\"80%\">\n{EMAIL_FIELD}\n</td>\n</tr>\n\n<tr>\n<td bgcolor=\"#FFFFFF\" width=\"20%\">\n<font size=2 face=\"verdana,arial,helvetica\" color=\"#000000\">\n<b>Retype Email</b><br>\n<small>Retype your email address.</small>\n</font>\n</td>\n<td bgcolor=\"#FFFFFF\" width=\"80%\">\n{EMAIL_RETYPE_FIELD}\n</td>\n</tr>\n\n<tr>\n<td bgcolor=\"#184A9C\" width=\"100%\" align=center colspan=2>\n<font size=2 face=\"verdana,arial,helvetica\" color=\"#FFFFFF\">\n<b>Optional Fields</b> - Shown on your user profile.\n</font>\n</td></tr>\n\n<tr>\n<td bgcolor=\"#FFFFFF\" width=\"20%\">\n<font size=2 face=\"verdana,arial,helvetica\" color=\"#000000\">\n<b>Homepage</b><br>\n<small>Enter the URL of your homepage (start with http://)</small>\n</font>\n</td>\n<td bgcolor=\"#FFFFFF\" width=\"80%\">\n{HOMEPAGE_FIELD}\n</td>\n</tr>\n\n<tr>\n<td bgcolor=\"#FFFFFF\" width=\"20%\">\n<font size=2 face=\"verdana,arial,helvetica\" color=\"#000000\">\n<b>Location</b><br>\n<small>Where you are located (i.e. \"USA\", \"Los Angeles, CA\", etc.)</small>\n</font>\n</td>\n<td bgcolor=\"#FFFFFF\" width=\"80%\">\n{LOCATION_FIELD}\n</td>\n</tr>\n\n\n<tr>\n<td bgcolor=\"#FFFFFF\" width=\"20%\">\n<font size=2 face=\"verdana,arial,helvetica\" color=\"#000000\">\n<b>Biography</b><br>\n<small>A little bit about yourself</small>\n</font>\n</td>\n<td bgcolor=\"#FFFFFF\" width=\"80%\">\n{BIOGRAPHY_FIELD}\n</td>\n</tr>\n\n\n<tr>\n<td bgcolor=\"#FFFFFF\" width=\"20%\">\n<font size=2 face=\"verdana,arial,helvetica\" color=\"#000000\">\n<b>ICQ Number</b><br>\n</font>\n</td>\n<td bgcolor=\"#FFFFFF\" width=\"80%\">\n{ICQ_NUMBER_FIELD}\n</td>\n</tr>\n\n<tr>\n<td bgcolor=\"#FFFFFF\" width=\"20%\">\n<font size=2 face=\"verdana,arial,helvetica\" color=\"#000000\">\n<b>AOL Instant Messenger Handle</b><br>\n</font>\n</td>\n<td bgcolor=\"#FFFFFF\" width=\"80%\">\n{AIM_HANDLE_FIELD}\n</td>\n</tr>\n\n<tr>\n<td bgcolor=\"#FFFFFF\" width=\"20%\">\n<font size=2 face=\"verdana,arial,helvetica\" color=\"#000000\">\n<b>Yahoo! Messenger Handle</b><br>\n</font>\n</td>\n<td bgcolor=\"#FFFFFF\" width=\"80%\">\n{YAHOO_HANDLE_FIELD}\n</td>\n</tr>\n\n<tr>\n<td bgcolor=\"#FFFFFF\" width=\"20%\">\n<font size=2 face=\"verdana,arial,helvetica\" color=\"#000000\">\n<b>Time Offset</b><br>\n<small>Select the time zone you are located in. This will ensure that the times displayed throughout the site will be relative to your time zone.\n</font>\n</td>\n<td bgcolor=\"#FFFFFF\" width=\"80%\">\n{TIME_OFFSET_FIELD}\n</td>\n</tr>\n\n<tr>\n<td bgcolor=\"#184A9C\" width=\"100%\" align=center colspan=2>\n<font size=2 face=\"verdana,arial,helvetica\" color=\"#FFFFFF\">\n<input type=submit name=\"form_options[submit]\" value=\"Sign Up\" class=button> &nbsp; <input type=reset value=\"Reset Form\" class=button>\n</font>\n</td></tr>\n\n</table></td></tr></table>\n');
INSERT INTO ts_template_cache (the_key, data) VALUES ( 'USER_EDIT_PROFILE', '<center>\n<table cellspacing=0 cellpadding=0 border=0 width=\"100%\">\n<tr><td bgcolor=#000000>\n<table cellpadding=4  cellspacing=\n1 border=0 width=100%>\n\n<tr>\n<td bgcolor=\"#184A9C\" width=\"100%\" align=center colspan=2>\n<font size=2 face=\"verdana,arial,helvetica\" color=\"#FFFFFF\">\n<b>Required Fields</b> - Needed for your registration.\n</font>\n</td></tr>\n\n<tr>\n<td bgcolor=\"#FFFFFF\" width=\"20%\">\n<font size=2 face=\"verdana,arial,helvetica\" color=\"#000000\">\n<b>Username</b><br>\n<small>Your username.</small>\n</font>\n</td>\n<td bgcolor=\"#FFFFFF\" width=\"80%\">\n{USERNAME}\n</td>\n</tr>\n\n<tr>\n<td bgcolor=\"#FFFFFF\" width=\"20%\">\n<font size=2 face=\"verdana,arial,helvetica\" color=\"#000000\">\n<b>New Password</b><br>\n<small>Enter a new password to change your current one.</small>\n</font>\n</td>\n<td bgcolor=\"#FFFFFF\" width=\"80%\">\n{PASSWORD_FIELD}\n</td>\n</tr>\n\n<tr>\n<td bgcolor=\"#FFFFFF\" width=\"20%\">\n<font size=2 face=\"verdana,arial,helvetica\" color=\"#000000\">\n<b>Retype New Password</b><br>\n<small>Retype your new password</small>\n</font>\n</td>\n<td bgcolor=\"#FFFFFF\" width=\"80%\">\n{PASSWORD_RETYPE_FIELD}\n</td>\n</tr>\n\n<tr>\n<td bgcolor=\"#FFFFFF\" width=\"20%\">\n<font size=2 face=\"verdana,arial,helvetica\" color=\"#000000\">\n<b>Email</b><br>\n<small>Your email address.</small>\n</font>\n</td>\n<td bgcolor=\"#FFFFFF\" width=\"80%\">\n{EMAIL}\n</td>\n</tr>\n\n<tr>\n<td bgcolor=\"#184A9C\" width=\"100%\" align=center colspan=2>\n<font size=2 face=\"verdana,arial,helvetica\" color=\"#FFFFFF\">\n<b>Optional Fields</b> - Shown on your user profile.\n</font>\n</td></tr>\n\n<tr>\n<td bgcolor=\"#FFFFFF\" width=\"20%\">\n<font size=2 face=\"verdana,arial,helvetica\" color=\"#000000\">\n<b>Homepage</b><br>\n<small>Enter the URL of your homepage (start with http://)</small>\n</font>\n</td>\n<td bgcolor=\"#FFFFFF\" width=\"80%\">\n{HOMEPAGE_FIELD}\n</td>\n</tr>\n\n<tr>\n<td bgcolor=\"#FFFFFF\" width=\"20%\">\n<font size=2 face=\"verdana,arial,helvetica\" color=\"#000000\">\n<b>Location</b><br>\n<small>Where you are located (i.e. \"USA\", \"Los Angeles, CA\", etc.)</small>\n</font>\n</td>\n<td bgcolor=\"#FFFFFF\" width=\"80%\">\n{LOCATION_FIELD}\n</td>\n</tr>\n\n\n<tr>\n<td bgcolor=\"#FFFFFF\" width=\"20%\">\n<font size=2 face=\"verdana,arial,helvetica\" color=\"#000000\">\n<b>Biography</b><br>\n<small>A little bit about yourself</small>\n</font>\n</td>\n<td bgcolor=\"#FFFFFF\" width=\"80%\">\n{BIOGRAPHY_FIELD}\n</td>\n</tr>\n\n\n<tr>\n<td bgcolor=\"#FFFFFF\" width=\"20%\">\n<font size=2 face=\"verdana,arial,helvetica\" color=\"#000000\">\n<b>ICQ Number</b><br>\n</font>\n</td>\n<td bgcolor=\"#FFFFFF\" width=\"80%\">\n{ICQ_NUMBER_FIELD}\n</td>\n</tr>\n\n<tr>\n<td bgcolor=\"#FFFFFF\" width=\"20%\">\n<font size=2 face=\"verdana,arial,helvetica\" color=\"#000000\">\n<b>AOL Instant Messenger Handle</b><br>\n</font>\n</td>\n<td bgcolor=\"#FFFFFF\" width=\"80%\">\n{AIM_HANDLE_FIELD}\n</td>\n</tr>\n\n<tr>\n<td bgcolor=\"#FFFFFF\" width=\"20%\">\n<font size=2 face=\"verdana,arial,helvetica\" color=\"#000000\">\n<b>Yahoo! Messenger Handle</b><br>\n</font>\n</td>\n<td bgcolor=\"#FFFFFF\" width=\"80%\">\n{YAHOO_HANDLE_FIELD}\n</td>\n</tr>\n\n<tr>\n<td bgcolor=\"#FFFFFF\" width=\"20%\">\n<font size=2 face=\"verdana,arial,helvetica\" color=\"#000000\">\n<b>Time Offset</b><br>\n<small>Select the time zone you are located in. This will ensure that the times displayed throughout the site will be relative to your time zone.\n</font>\n</td>\n<td bgcolor=\"#FFFFFF\" width=\"80%\">\n{TIME_OFFSET_FIELD}\n</td>\n</tr>\n\n<tr>\n<td bgcolor=\"#184A9C\" width=\"100%\" align=center colspan=2>\n\n<input type=submit name=\"form_options[submit]\" value=\"Save Changes\" class=\"button\"> &nbsp; <input type=reset value=\"Reset Form\" class=\"button\">\n\n</td></tr>\n\n</table></td></tr></table>\n');
INSERT INTO ts_template_cache (the_key, data) VALUES ( 'PROFILE', '<font size=2 face=\"verdana,arial,helvetica\" color=\"#000000\">\n<b>\n:: <a href=\"{TRIVIA_MAIN_PAGE_LINK}\">Example.com Trivia</a> :: \n{USERNAME}</b> User Profile\n</b>\n</font>\n<br><br>\n\n<center>\n<table cellspacing=0 cellpadding=0 border=0 width=\"100%\">\n<tr><td bgcolor=#000000>\n<table cellpadding=4  cellspacing=\n1 border=0 width=100%>\n\n<td bgcolor=\"#184A9C\" width=\"100%\" align=center colspan=2>\n<font size=2 face=\"verdana,arial,helvetica\" color=\"#FFFFFF\">\n<big><b>{USERNAME}</b> User Profile</big>\n</font>\n</td></tr>\n\n<tr>\n<td bgcolor=\"#FFFFFF\" width=\"20%\">\n<font size=2 face=\"verdana,arial,helvetica\" color=\"#000000\">\n<b>Username</b>\n</font>\n</td>\n\n<td bgcolor=\"#FFFFFF\" width=\"80%\">\n<font size=2 face=\"verdana,arial,helvetica\" color=\"#000000\">\n<b>{USERNAME}</b>\n</font>\n</td>\n</tr>\n\n<tr>\n<td bgcolor=\"#F0F0F0\" width=\"20%\">\n<font size=2 face=\"verdana,arial,helvetica\" color=\"#000000\">\n<b>Date Registered</b>\n</font>\n</td>\n\n<td bgcolor=\"#F0F0F0\" width=\"80%\">\n<font size=2 face=\"verdana,arial,helvetica\" color=\"#000000\">\n<b>{DATE_REGISTERED}</b>\n</font>\n</td>\n</tr>\n\n<tr>\n<td bgcolor=\"#FFFFFF\" width=\"20%\">\n<font size=2 face=\"verdana,arial,helvetica\" color=\"#000000\">\n<b>Last Visited:</b>\n</font>\n</td>\n\n<td bgcolor=\"#FFFFFF\" width=\"80%\">\n<font size=2 face=\"verdana,arial,helvetica\" color=\"#000000\">\n<b>{LAST_VISIT_DATE}</b> at <b>{LAST_VISIT_TIME}</b>\n</font>\n</td>\n</tr>\n\n<tr>\n<td bgcolor=\"#F0F0F0\" width=\"20%\">\n<font size=2 face=\"verdana,arial,helvetica\" color=\"#000000\">\n<b>Total Games Played</b>\n</font>\n</td>\n\n<td bgcolor=\"#F0F0F0\" width=\"80%\">\n<font size=2 face=\"verdana,arial,helvetica\" color=\"#000000\">\n<b>{GAMES_PLAYED}</b>\n</font>\n</td>\n</tr>\n\n<tr>\n<td bgcolor=\"#FFFFFF\" width=\"20%\">\n<font size=2 face=\"verdana,arial,helvetica\" color=\"#000000\">\n<b>Last Game Played</b>\n</font>\n</td>\n\n<td bgcolor=\"#FFFFFF\" width=\"80%\">\n<font size=2 face=\"verdana,arial,helvetica\" color=\"#000000\">\n{LAST_GAME_PLAYED}\n</font>\n</td>\n</tr>\n\n<tr>\n<td bgcolor=\"#F0F0F0\" width=\"20%\">\n<font size=2 face=\"verdana,arial,helvetica\" color=\"#000000\">\n<b>Homepage</b>\n</font>\n</td>\n\n<td bgcolor=\"#F0F0F0\" width=\"80%\">\n<font size=2 face=\"verdana,arial,helvetica\" color=\"#000000\">\n<a href=\"{HOMEPAGE}\">{HOMEPAGE}</a>\n</font></td>\n</tr>\n\n\n<tr>\n<td bgcolor=\"#FFFFFF\" width=\"20%\">\n<font size=2 face=\"verdana,arial,helvetica\" color=\"#000000\">\n<b>Location</b>\n</font>\n</td>\n\n<td bgcolor=\"#FFFFFF\" width=\"80%\">\n<font size=2 face=\"verdana,arial,helvetica\" color=\"#000000\">\n{LOCATION}\n</font>\n</td>\n</tr>\n\n\n<tr>\n<td bgcolor=\"#F0F0F0\" width=\"20%\">\n<font size=2 face=\"verdana,arial,helvetica\" color=\"#000000\">\n<b>Biography</b>\n</font>\n</td>\n\n<td bgcolor=\"#F0F0F0\" width=\"80%\">\n<font size=2 face=\"verdana,arial,helvetica\" color=\"#000000\">\n{BIOGRAPHY}\n</font>\n</td>\n</tr>\n\n\n<tr>\n<td bgcolor=\"#FFFFFF\" width=\"20%\">\n<font size=2 face=\"verdana,arial,helvetica\" color=\"#000000\">\n<b>ICQ Number</b>\n</font>\n</td>\n\n<td bgcolor=\"#FFFFFF\" width=\"80%\">\n<font size=2 face=\"verdana,arial,helvetica\" color=\"#000000\">\n{ICQ_NUMBER}\n</font>\n</td>\n</tr>\n\n\n<tr>\n<td bgcolor=\"#F0F0F0\" width=\"20%\">\n<font size=2 face=\"verdana,arial,helvetica\" color=\"#000000\">\n<b>AOL Instant Messenger Handle</b>\n</font>\n</td>\n\n<td bgcolor=\"#F0F0F0\" width=\"80%\">\n<font size=2 face=\"verdana,arial,helvetica\" color=\"#000000\">\n{AIM_HANDLE}\n</font>\n</td>\n</tr>\n\n\n<tr>\n<td bgcolor=\"#FFFFFF\" width=\"20%\">\n<font size=2 face=\"verdana,arial,helvetica\" color=\"#000000\">\n<b>Yahoo! Messenger Handle</b>\n</font>\n</td>\n\n<td bgcolor=\"#FFFFFF\" width=\"80%\">\n<font size=2 face=\"verdana,arial,helvetica\" color=\"#000000\">\n{YAHOO_HANDLE}\n</font>\n</td>\n</tr>\n\n<tr>\n<td bgcolor=\"#F0F0F0\" width=\"20%\">\n<font size=2 face=\"verdana,arial,helvetica\" color=\"#000000\">\n<b>Time Offset</b>\n</font>\n</td>\n\n<td bgcolor=\"#F0F0F0\" width=\"80%\">\n<font size=2 face=\"verdana,arial,helvetica\" color=\"#000000\">\n<!-- Time offset is number in hours, i.e. +6, -3, etc. -->\nGMT {TIME_OFFSET}\n</font>\n</td>\n</tr>\n\n<!-- Shows link to edit profile if they are logged in as this user or the\nadministrator -->\n{EDIT_PROFILE_LINK}\n\n</td></tr></table>\n</td></tr></table>\n\n<br>\n');
INSERT INTO ts_template_cache (the_key, data) VALUES ( 'GAME_SECTION', '<tr>\n<td bgcolor=\"#4883E4\" width=\"100%\" colspan=5>\n<font size=2 face=\"verdana,arial,helvetica\" color=\"#FFFFFF\">\n<b><big>{GAME_SECTION_NAME}</big></b> &nbsp;&nbsp; <small>{GAME_SECTION_DESCRIPTION}</small>\n</font>\n</td>\n</tr>');
INSERT INTO ts_template_cache (the_key, data) VALUES ( 'EDIT_PROFILE_LINK', '<tr><td bgcolor=\"#184A9C\" width=\"100%\" align=center colspan=2>\n<font size=2 face=\"verdana,arial,helvetica\" color=\"#FFFFFF\">\n<small><b>\n<a href=\"{EDIT_PROFILE_LINK}\" class=header1link>Edit Profile</a>\n</b></small>\n</font>\n</td></tr>');
INSERT INTO ts_template_cache (the_key, data) VALUES ( 'LAST_GAME_PLAYED', '<b><a href=\"{LAST_GAME_LINK}\" class=cell1link>{LAST_GAME_NAME}</a></b> on <b>{LAST_GAME_DATE}</b> at <b>{LAST_GAME_TIME}</b> &nbsp;&nbsp; (Score: <b>{LAST_GAME_SCORE}</b>)');
INSERT INTO ts_template_cache (the_key, data) VALUES ( 'LAST_GAME_PLAYED_NONE', '(Never played)');
INSERT INTO ts_template_cache (the_key, data) VALUES ( 'LOGIN_FORM', '<table cellspacing=0 cellpadding=0 border=0>\n<tr><td bgcolor=#000000>\n<table cellpadding=4  cellspacing=1 border=0 width=100%>\n\n<td bgcolor=\"#FFFFFF\" align=center>\n<font size=2 face=\"verdana,arial,helvetica\" color=\"#000000\">\n<small>\n<form method=POST action=\"{SUBMIT_TO}\"><b>Username:</b> <input name=ts_username size=10 class=\"input\"> \n\n<!-- these are important, do not remove or edit them -->\n<input type=hidden name=\"forward_to\" value=\"{FORWARD_TO}\">\n<input type=hidden name=\"fn\" value=\"login\"> \n<b>Password:</b> <input name=ts_password size=10 type=password class=\"input\"> &nbsp;&nbsp;\n\n<input type=checkbox name=\"remember\" value=1 class=input> <small>Remember my login/password &nbsp;&nbsp;\n\n<input type=submit value=Login class=\"button\"> \n<br>\n<a href=\"{FORGOT_INFO_LINK}\" class=\"darklink\">Forgot your username/password?</a>\n</small>\n</font>\n</td>\n</tr>\n</table></table>');
INSERT INTO ts_template_cache (the_key, data) VALUES ( 'LOGOUT_FORM', 'You are currently logged in as: <b>{USERNAME}</b>. &nbsp; <a href=\"{LOGOUT_LINK}\" class=\"darklink\">Logout</a>');
INSERT INTO ts_template_cache (the_key, data) VALUES ( 'MESSAGE', '<br><br><center>\n<table cellspacing=0 cellpadding=0 border=0 width=\"75%\">\n<tr><td bgcolor=#000000>\n<table cellpadding=4  cellspacing=\n1 border=0 width=100%>\n<td bgcolor=\"#184A9C\" width=\"100%\">\n<font size=2 face=\"verdana,arial,helvetica\" color=\"#FFFFFF\">\n<b>TriviaShock Message</b>\n</font>\n</td></tr>\n\n<tr>\n<td bgcolor=\"#FFFFFF\" width=\"100%\">\n<font size=2 face=\"verdana,arial,helvetica\" color=\"#000000\">\n{MESSAGE}\n</font>\n</td></tr></table>\n</td></tr></table>\n</center>\n<br><br>');
INSERT INTO ts_template_cache (the_key, data) VALUES ( 'ACTIVATION_EMAIL', 'Thank you for registering at Example.com Trivia. To activate your account so\nyou can start playing trivia games, point your web browser to the link below:\n\n{ACTIVATION_LINK}\n\n<a href=\"{ACTIVATION_LINK}\">Click here if you use AOL</a>\n\nMake sure to copy and paste the ENTIRE link into your browser (even if it\nhas been broken into two lines).\n\nYour user information is as follows:\n\nUsername: {USERNAME}\n\nPassword: {PASSWORD}\n\n\n--\nThank you,\n\nExample.com Trivia - Administrator\nhttp://10.0.0.3/trivia_1\n');
INSERT INTO ts_template_cache (the_key, data) VALUES ( 'ACTIVATION_EMAIL_SUBJECT', 'Example.com Trivia - Activating your Account');
INSERT INTO ts_template_cache (the_key, data) VALUES ( 'FORGOT_INFO_FORM', '<br><br><center>\n<table cellspacing=0 cellpadding=0 border=0 width=\"75%\">\n<tr><td bgcolor=#000000>\n<table cellpadding=4  cellspacing=\n1 border=0 width=100%>\n<td bgcolor=\"#184A9C\" width=\"100%\">\n<font size=2 face=\"verdana,arial,helvetica\" color=\"#FFFFFF\">\n<b>Retrieve lost username/password</b>\n</font>\n</td></tr>\n\n<tr>\n<td bgcolor=\"#FFFFFF\" width=\"100%\" align=center>\n<font size=2 face=\"verdana,arial,helvetica\" color=\"#000000\">\n\nUse this form to retrieve your lost username and have your password reset. Enter the email address which you used when you registered. Your username and a temporary password will be emailed to that address.\n\n<br><br>\n\n<form method=POST action=\"{SUBMIT_TO}\">\n<b>Email Address:</b> <input name=email value=\"\" class=input> <input type=submit name=submit value=\"Submit\" class=button>\n</form>\n\n</font>\n</td></tr></table>\n</td></tr></table>\n</center>\n<br><br>\n\n');
INSERT INTO ts_template_cache (the_key, data) VALUES ( 'FORGOT_INFO_EMAIL', 'Your username and temporary password for Example.com Trivia is as follows:\n\nUsername: {USERNAME}\n\nPassword: {PASSWORD}\n\n\nYou can change your password by editing your profile.\n\n--\nThank you,\nExample.com Trivia - Administrators\nhttp://10.0.0.3/trivia_1');
INSERT INTO ts_template_cache (the_key, data) VALUES ( 'FORGOT_INFO_EMAIL_SUBJECT', 'Example.com Trivia - User Information');
INSERT INTO ts_template_cache (the_key, data) VALUES ( 'FOOTER', '<br><br>\n<center>{LOGIN_FORM}\n\n<br><br>\n\n<font size=2 face=\"verdana,arial\" color=\"#000000\">\n<small>The current time is: <b>{TIME}</b></small><br>\n\n<table cellspacing=0 cellpadding=0 border=0 width=\"75%\">\n<tr><td bgcolor=\"#000000\">\n<table cellpadding=4 cellspacing=1 border=0 width=\"100%\">\n\n<tr><td bgcolor=\"#FFFFFF\" width=\"100%\" align=center nowrap>\n<font size=2 face=\"verdana,arial,helvetica\" color=\"#000000\">\n<b><a href=\"http://www.example.com\" class=\"darklink\">Example.com</a> &nbsp; :: &nbsp; <a href=\"mailto:you@example.com\" class=\"darklink\">Contact Us</a>\n&nbsp;&nbsp;&nbsp;\n</font>\n</td></tr></table>\n</table>\n\n<!-- End main tables, started in HEADER template -->\n</td></tr></table></td></tr></table>\n\n<!-- Link to control panel if user is logged in as administrator -->\n{CONTROL_PANEL_LINK}\n\n<!-- DO NOT REMOVE OR MODIFY COPYRIGHT AND \"POWERED BY\" NOTICES. YOU MUST LEAVE THEM FULLY VISIBLE TO BE IN COMPLIANCE WITH THE LICENSE TERMS -->\n<br><center><small>\nPowered by TriviaShock {TS_VERSION}<br>\nCopyright (c)2001-2002 Pineapple Technologies. All Rights Reserved.\n<br><br>\n<!-- DO NOT REMOVE OR MODIFY COPYRIGHT AND \"POWERED BY\" NOTICES. YOU MUST LEAVE THEM FULLY VISIBLE TO BE IN COMPLIANCE WITH THE LICENSE TERMS -->\n\n<!-- Your copyright notice, set via the control panel -->\n\n\n</small></center>\n\n<br>\n\n\n<!-- YOU CAN INCLUDE YOUR OWN FOOTER HERE, USING THE PHP require() FUNCTION -->\n');
INSERT INTO ts_template_cache (the_key, data) VALUES ( 'COPPA_NOTICE', '<table cellspacing=0 cellpadding=0 border=0 width=\"100%\">\n<tr><td bgcolor=#000000>\n<table cellpadding=4  cellspacing=\n1 border=0 width=100%>\n\n<tr>\n<td bgcolor=\"#184A9C\" width=\"100%\" align=center colspan=2>\n<font size=2 face=\"verdana,arial,helvetica\" color=\"#FFFFFF\">\n<b>Register at Example.com Trivia</b>\n</font>\n</td></tr>\n\n<tr>\n<td bgcolor=\"#FFFFFF\" width=\"100%\" align=center>\n<font size=2 face=\"verdana,arial,helvetica\" color=\"#000000\">\nBefore registering, please click the appropriate link below:<br><br>\n\n<a href=\"{OVER_13_LINK}\">I am 13 years old or over</a>\n\n<br><br>\n\n<a href=\"{UNDER_13_LINK}\">I am under 13 years old</a>\n\n<br><br>\n\nTo learn about how this site uses your information, please read our <a href=\"{PRIVACY_LINK}\" target=\"_blank\">privacy policy</a>\n\n</font>\n</td>\n\n</tr>\n\n</table>\n</td></tr></table>\n');
INSERT INTO ts_template_cache (the_key, data) VALUES ( 'COPPA_FORM', '<font size=2 face=\"verdana,arial\" color=\"#000000\">\n\nTo maintain compliance with COPPA (<a href=\"http://www.ftc.gov/opa/1999/9910/childfinal.htm\" target=\"_blank\">http://www.ftc.gov/opa/1999/9910/childfinal.htm</a>), our policy does not allow children under 13 years of age to sign up on this site without parental permission.\n\n<br><br>\n\nPlease read our <a href=\"{PRIVACY_LINK}\" target=\"_blank\">privacy policy</a> to learn how this site uses personal information.\n\n<br><br>\n\nThe form below should be printed and filled out by a parent or guardian\nof the person under 13 wishing to register on this site. The form can\nthen be faxed or mailed in:<br><br>\n\n<blockquote><blockquote>\n\n<b>Fax Number:</b> <br><br>\n\n<b>Address:</b><br>\n<pre>\n\n</pre>\n\n</blockquote></blockquote>\n\n<br>\n<center>\n\n<table cellspacing=0 cellpadding=0 border=0 width=\"100%\">\n<tr><td bgcolor=#000000>\n<table cellpadding=4  cellspacing=\n1 border=0 width=100%>\n\n<tr>\n<td bgcolor=\"#F0F0F0\" width=\"100%\" align=center colspan=2>\n<font size=2 face=\"verdana,arial,helvetica\" color=\"#000000\">\n<b>Required Information</b>\n</font>\n</td></tr>\n\n<tr>\n<td bgcolor=\"#FFFFFF\" width=\"25%\">\n<font size=2 face=\"verdana,arial,helvetica\" color=\"#000000\">\n<b>Username</b>\n</font>\n</td>\n\n<td bgcolor=\"#FFFFFF\" width=\"75%\">\n&nbsp;\n</td>\n</tr>\n\n<tr>\n<td bgcolor=\"#FFFFFF\" width=\"25%\">\n<font size=2 face=\"verdana,arial,helvetica\" color=\"#000000\">\n<b>Password</b>\n</font>\n</td>\n\n<td bgcolor=\"#FFFFFF\" width=\"75%\">\n&nbsp;\n</td>\n</tr>\n\n<tr>\n<td bgcolor=\"#FFFFFF\" width=\"25%\">\n<font size=2 face=\"verdana,arial,helvetica\" color=\"#000000\">\n<b>Email</b><br>\n<small>This will not be visible to other users</small>\n</font>\n</td>\n\n<td bgcolor=\"#FFFFFF\" width=\"75%\">\n&nbsp;\n</td>\n</tr>\n\n\n<tr>\n<td bgcolor=\"#F0F0F0\" width=\"100%\" align=center colspan=2>\n<font size=2 face=\"verdana,arial,helvetica\" color=\"#000000\">\n<b>Optional Information</b> - <small>Visible to other visitors on this site</small>\n</font>\n</td></tr>\n\n<tr>\n<td bgcolor=\"#FFFFFF\" width=\"25%\">\n<font size=2 face=\"verdana,arial,helvetica\" color=\"#000000\">\n<b>Homepage</b>\n</font>\n</td>\n\n<td bgcolor=\"#FFFFFF\" width=\"75%\">\n&nbsp;\n</td>\n</tr>\n\n<tr>\n<td bgcolor=\"#FFFFFF\" width=\"25%\">\n<font size=2 face=\"verdana,arial,helvetica\" color=\"#000000\">\n<b>Location</b>\n</font>\n</td>\n\n<td bgcolor=\"#FFFFFF\" width=\"75%\">\n&nbsp;\n</td>\n</tr>\n\n<tr>\n<td bgcolor=\"#FFFFFF\" width=\"25%\">\n<font size=2 face=\"verdana,arial,helvetica\" color=\"#000000\">\n<b>Biography</b>\n</font>\n</td>\n\n<td bgcolor=\"#FFFFFF\" width=\"75%\">\n<br><br><br><br><br><br>\n</td>\n</tr>\n\n<tr>\n<td bgcolor=\"#FFFFFF\" width=\"25%\">\n<font size=2 face=\"verdana,arial,helvetica\" color=\"#000000\">\n<b>ICQ Number</b>\n</font>\n</td>\n\n<td bgcolor=\"#FFFFFF\" width=\"75%\">\n&nbsp;\n</td>\n</tr>\n\n<tr>\n<td bgcolor=\"#FFFFFF\" width=\"25%\">\n<font size=2 face=\"verdana,arial,helvetica\" color=\"#000000\">\n<b>AOL Instant Messenger Handle</b>\n</font>\n</td>\n\n<td bgcolor=\"#FFFFFF\" width=\"75%\">\n&nbsp;\n</td>\n</tr>\n\n<tr>\n<td bgcolor=\"#FFFFFF\" width=\"25%\">\n<font size=2 face=\"verdana,arial,helvetica\" color=\"#000000\">\n<b>Yahoo! Messenger Handle</b>\n</font>\n</td>\n\n<td bgcolor=\"#FFFFFF\" width=\"75%\">\n&nbsp;\n</td>\n</tr>\n\n<tr>\n<td bgcolor=\"#FFFFFF\" width=\"25%\">\n<font size=2 face=\"verdana,arial,helvetica\" color=\"#000000\">\n<b>Yahoo! Messenger Handle</b>\n</font>\n</td>\n\n<td bgcolor=\"#FFFFFF\" width=\"75%\">\n&nbsp;\n</td>\n</tr>\n\n<tr>\n<td bgcolor=\"#FFFFFF\" width=\"25%\">\n<font size=2 face=\"verdana,arial,helvetica\" color=\"#000000\">\n<b>Time Offset</b><br>\n<small>\nThe offset of your time zone relative to GMT (i.e. -6, which is CST).\n</font>\n</td>\n\n<td bgcolor=\"#FFFFFF\" width=\"75%\">\n&nbsp;\n</td>\n</tr>\n\n<tr>\n<td bgcolor=\"#F0F0F0\" width=\"100%\" align=center colspan=2>\n<font size=2 face=\"verdana,arial,helvetica\" color=\"#000000\">\n<b>Parental Permission</b>\n</font>\n</td></tr>\n\n<tr>\n<td bgcolor=\"#FFFFFF\" width=\"25%\">\n<font size=2 face=\"verdana,arial,helvetica\" color=\"#000000\">\n<b>Parent or Guardian\'s Full Name</b>\n</font>\n</td>\n\n<td bgcolor=\"#FFFFFF\" width=\"75%\">\n&nbsp;\n</td>\n</tr>\n\n<tr>\n<td bgcolor=\"#FFFFFF\" width=\"25%\">\n<font size=2 face=\"verdana,arial,helvetica\" color=\"#000000\">\n<b>Parent or Guardian\'s Email Address</b>\n</font>\n</td>\n\n<td bgcolor=\"#FFFFFF\" width=\"75%\">\n&nbsp;\n</td>\n</tr>\n\n<tr>\n<td bgcolor=\"#FFFFFF\" width=\"25%\">\n<font size=2 face=\"verdana,arial,helvetica\" color=\"#000000\">\n<b>Parent or Guardian\'s Phone Number</b>\n</font>\n</td>\n\n<td bgcolor=\"#FFFFFF\" width=\"75%\">\n&nbsp;\n</td>\n</tr>\n\n\n<tr>\n<td bgcolor=\"#FFFFFF\" width=\"25%\">\n<font size=2 face=\"verdana,arial,helvetica\" color=\"#000000\">\n<b>Parent/Guardian\'s Signature</b><br>\n<small>Authorizing your child to register on this web site.</small>\n</font>\n</td>\n\n<td bgcolor=\"#FFFFFF\" width=\"75%\">\nX_____________________________________\n</td>\n</tr>\n\n\n<tr>\n<td bgcolor=\"#FFFFFF\" width=\"25%\">\n<font size=2 face=\"verdana,arial,helvetica\" color=\"#000000\">\n<b>Date</b>\n</font>\n</td>\n\n<td bgcolor=\"#FFFFFF\" width=\"75%\">\n&nbsp;\n</td>\n</tr>\n\n\n</table></td></tr></table>\n');
INSERT INTO ts_template_cache (the_key, data) VALUES ( 'PRIVACY_POLICY', '<font size=2 face=\"verdana,arial\" color=\"#000000\">\n\n<b>\n:: <a href=\"http://10.0.0.3/trivia_1\">Example.com Trivia</a> :: Privacy Policy</b>\n<br>\n\n<blockquote>\n\nWe respect your privacy. The information which is collected via the registration form is used only for internal purposes and is not disclosed to third parties.\n\n<br><br>\n\n<b>Protection of Information</b>\n\n<br><br>\n\nYour email address and password will never be visible to other users of this site. Only your username and the optional fields will be visible to other users. Your email address and other information is not disclosed to bulk email lists or any other third party.\n\n<br><br>\n\n<b>Usage Information</b>\n\n<br><br>\n\nStatistics on your usage and your information are used only for internal and logging purposes and are not disclosed to third parties. Any statistics or logs of usage that are disclosed only represent the combined, generalized statistics of many users and in no way reveal any information that represents you personally.\n\n<br><br>\n\n<b>Right to Modify your Information</b>\n\n<br><br>\n\nYou will be allowed to modify all of your registration information (excluding your username and password) at any time by clicking the \"Profile\" link and logging in.\n\n<br><br>\n\n<b>Use of Cookies</b>\n\n<br><br>\n\nCookies are used to store your username and password on your local computer when you log in. This will <i>not</i> make your username and password available to any other users. It is used only so that you can remain logged into the site and be automatically logged in on repeat visits (if you specify).\n\n</blockquote>\n\n');

DROP TABLE IF EXISTS ts_template_vars;
CREATE TABLE ts_template_vars (  id mediumint(8) unsigned NOT NULL auto_increment,  description varchar(100) default NULL,  the_key varchar(100) default NULL,  the_value varchar(255) default NULL,  default_value varchar(255) NOT NULL default '',  type tinyint(3) unsigned NOT NULL default '0',  PRIMARY KEY  (id),  UNIQUE KEY ID (id)) TYPE=MyISAM;
INSERT INTO ts_template_vars (id, description, the_key, the_value, default_value, type) VALUES ( '1', 'Background color of each page', 'BODY_BGCOLOR', '#F0F0F0', '#FFFFFF', '2');
INSERT INTO ts_template_vars (id, description, the_key, the_value, default_value, type) VALUES ( '2', 'Normal font used outside of tables.', 'NORMAL_FONT', '<font size=2 face=\"verdana,arial\" color=\"#000000\">', '<font size=2 face=\"verdana,arial\" color=\"#000000\">', '3');
INSERT INTO ts_template_vars (id, description, the_key, the_value, default_value, type) VALUES ( '3', 'The color of the border on all tables.', 'TABLE_BORDER_COLOR', '#000000', '#000000', '2');
INSERT INTO ts_template_vars (id, description, the_key, the_value, default_value, type) VALUES ( '4', 'Width of the main table, which controls the width of everything else.', 'MAIN_TABLE_WIDTH', '800', '700', '3');
INSERT INTO ts_template_vars (id, description, the_key, the_value, default_value, type) VALUES ( '5', 'Thickness of the border around tables. If set to 0, there will be no borders around tables.', 'TABLE_BORDER_SIZE', '1', '1', '1');
INSERT INTO ts_template_vars (id, description, the_key, the_value, default_value, type) VALUES ( '6', 'Background color of the main table header.', 'TABLE_HEADER1_COLOR', '#184A9C', '#10316B', '2');
INSERT INTO ts_template_vars (id, description, the_key, the_value, default_value, type) VALUES ( '7', 'Font tag for topmost table header.', 'TABLE_HEADER1_FONT', '<font size=2 face=\"verdana,arial,helvetica\" color=\"#FFFFFF\">', '<font size=2 face=\"verdana,arial,helvetica\" color=\"#FFFFFF\">', '3');
INSERT INTO ts_template_vars (id, description, the_key, the_value, default_value, type) VALUES ( '8', 'Background color of second table header.', 'TABLE_HEADER2_COLOR', '#4883E4', '#F0F0F0', '2');
INSERT INTO ts_template_vars (id, description, the_key, the_value, default_value, type) VALUES ( '9', 'Font tag for second (smaller) table header.', 'TABLE_HEADER2_FONT', '<font size=2 face=\"verdana,arial,helvetica\" color=\"#FFFFFF\">', '<font size=2 face=\"verdana,arial,helvetica\" color=\"#FFFFFF\">', '2');
INSERT INTO ts_template_vars (id, description, the_key, the_value, default_value, type) VALUES ( '10', 'Background color of first table cell.', 'TABLE_CELL1_COLOR', '#FFFFFF', '#FFFFFF', '2');
INSERT INTO ts_template_vars (id, description, the_key, the_value, default_value, type) VALUES ( '11', 'Font for first table cell.', 'TABLE_CELL1_FONT', '<font size=2 face=\"verdana,arial,helvetica\" color=\"#000000\">', '<font size=2 face=\"verdana,arial,helvetica\" color=\"#000000\">', '3');
INSERT INTO ts_template_vars (id, description, the_key, the_value, default_value, type) VALUES ( '12', 'Cellpadding of tables.', 'TABLE_CELLPADDING', '4', '4', '1');
INSERT INTO ts_template_vars (id, description, the_key, the_value, default_value, type) VALUES ( '13', 'Background color of second table cell.', 'TABLE_CELL2_COLOR', '#F0F0F0', '#F0F0F0', '2');
INSERT INTO ts_template_vars (id, description, the_key, the_value, default_value, type) VALUES ( '14', 'Font for second table cell.', 'TABLE_CELL2_FONT', '<font size=2 face=\"verdana,arial,helvetica\" color=\"#000000\">', '<font size=2 face=\"verdana,arial,helvetica\" color=\"#000000\">', '3');
INSERT INTO ts_template_vars (id, description, the_key, the_value, default_value, type) VALUES ( '15', 'The background color of the main table where all of the content is displayed.', 'MAIN_TABLE_COLOR', '#FFFFFF', '#FFFFFF', '2');


DROP TABLE IF EXISTS ts_templates;
CREATE TABLE ts_templates (  id smallint(3) unsigned NOT NULL auto_increment,  the_key varchar(30) default NULL,  description varchar(100) NOT NULL default '',  data mediumtext,  default_data text NOT NULL,  parent int(11) NOT NULL default '0',  changed tinyint(3) unsigned NOT NULL default '0',  PRIMARY KEY  (id),  UNIQUE KEY ID (id)) TYPE=MyISAM;
INSERT INTO ts_templates (id, the_key, description, data, default_data, parent, changed) VALUES ( '1', 'HEADER', 'HTML placed at the top of every page', '<!DOCTYPE HTML PUBLIC \"-//W3C//DTD HTML 4.01 Transitional//EN\">\n<html>\n\n<head>\n<meta name=\"keywords\" content=\"{TRIVIA_SITE_NAME}, {HOME_SITE_NAME}, trivia game, trivia, quiz, games, TriviaShock, Pineapple Technologies\">\n\n<meta name=\"description\" content=\"{TRIVIA_SITE_NAME} - an interactive trivia game powered by TriviaShock\">\n\n<!-- DO NOT REMOVE OR MODIFY COPYRIGHT AND \"POWERED BY\" NOTICES. YOU MUST LEAVE THEM FULLY VISIBLE TO BE IN COMPLIANCE WITH THE LICENSE TERMS -->\n<title>{TRIVIA_SITE_NAME} :: powered by TriviaShock</title>\n\n</head>\n\n<style type=\"text/css\">\n\nbody {\n SCROLLBAR-HIGHLIGHT-COLOR: {BODY_BGCOLOR};\n SCROLLBAR-BASE-COLOR:  {TABLE_HEADER2_COLOR};\n SCROLLBAR-ARROW-COLOR: {TABLE_HEADER1_COLOR};\n }\n\n .input {\n FONT-SIZE: 12px;\n FONT-FAMILY: Verdana,Arial,Helvetica,sans-serif;\n COLOR: #000000;\n BACKGROUND-COLOR: #FFFFFF;\n BORDER: 1 solid\n }\n\t\n .button {\n FONT-SIZE: 12px;\n FONT-FAMILY: Verdana,Arial,Helvetica,sans-serif;\n FONT-WEIGHT: bold;\n COLOR: #FFFFFF;\n BACKGROUND-COLOR: {TABLE_HEADER1_COLOR};\n BORDER: 1 solid\n }\n\n a {\n COLOR: {TABLE_HEADER1_COLOR}\n }\n\n a:hover {\n COLOR: {TABLE_HEADER2_COLOR}\n }\n\n .header1link {\n COLOR: #FFFFFF\n }\n\n .header1link:hover {\n COLOR: {TABLE_HEADER2_COLOR}\n }\n\n .header2link {\n COLOR: #FFFFFF;\n TEXT-DECORATION: NONE\n }\n\n .header2link:hover {\n COLOR: #FFFFFF;\n TEXT-DECORATION: UNDERLINE\n }\n\n .darklink, .cell1link, .cell2link {\n COLOR: {TABLE_HEADER1_COLOR}\n }\n\n .darklink:hover, .cell1link:hover, .cell2link:hover {\n COLOR: {TABLE_HEADER2_COLOR}\n }\n\n</style>\n\n<body bgcolor=\"{BODY_BGCOLOR}\">\n\n<!-- YOU CAN INCLUDE YOUR OWN SITE HEADER HERE, USING THE PHP require() FUNCTION -->\n\n{NORMAL_FONT}\n\n<center>\n<table width=\"{MAIN_TABLE_WIDTH}\" border=0 cellspacing=5 border=0 cellpadding=1>\n<tr><td bgcolor=\"{TABLE_BORDER_COLOR}\" width=\"100%\" align=center>\n\n<table width=\"100%\" border=0 cellspacing=0 border=0 cellpadding=10>\n<tr><td bgcolor=\"{MAIN_TABLE_COLOR}\" width=\"100%\">\n\n<!-- A note to the administrator if the trivia site is offline -->\n{ADMIN_OFFLINE_NOTICE}\n\n<center>\n<table width=\"100%\"><tr><td align=center width=\"50%\">\n<img src=\"images/triviashock_light.gif\">\n</td>\n<td align=center width=\"50%\">\n\n<table cellspacing=0 cellpadding=0 border=0 width=\"75%\">\n<tr><td bgcolor=\"{TABLE_BORDER_COLOR}\">\n<table cellpadding={TABLE_CELLPADDING} cellspacing={TABLE_BORDER_SIZE} border=0 width=\"100%\">\n\n<tr><td bgcolor=\"{TABLE_HEADER1_COLOR}\" width=\"25%\" align=center>\n{TABLE_HEADER1_FONT}\n<b><a href=\"{TRIVIA_MAIN_PAGE_LINK}\" class=header1link>HOME</a></b>\n</td>\n\n<td bgcolor=\"{TABLE_HEADER1_COLOR}\" width=\"25%\" align=center>\n{TABLE_HEADER1_FONT}\n<b><a href=\"{REGISTER_LINK}\" class=header1link>REGISTER</a></b>\n</font>\n</td>\n\n<td bgcolor=\"{TABLE_HEADER1_COLOR}\" width=\"25%\" align=center>\n{TABLE_HEADER1_FONT}\n<b><a href=\"{PROFILE_LINK}\" class=header1link>PROFILE</a></b>\n</font>\n</td>\n\n<td bgcolor=\"{TABLE_HEADER1_COLOR}\" width=\"25%\" align=center>\n{TABLE_HEADER1_FONT}\n<b><a href=\"{FAQ_LINK}\" class=header1link>FAQ</a></b>\n</font>\n</td>\n\n</tr></table>\n</table>\n\n</td></tr></table>\n<br>\n</center>\n\n{NORMAL_FONT}\n\n', '<!DOCTYPE HTML PUBLIC \"-//W3C//DTD HTML 4.01 Transitional//EN\">\n<html>\n\n<head>\n<meta name=\"keywords\" content=\"{TRIVIA_SITE_NAME}, {HOME_SITE_NAME}, trivia game, trivia, quiz, games, TriviaShock, Pineapple Technologies\">\n\n<meta name=\"description\" content=\"{TRIVIA_SITE_NAME} - an interactive trivia game powered by TriviaShock\">\n\n<!-- DO NOT REMOVE OR MODIFY COPYRIGHT AND \"POWERED BY\" NOTICES. YOU MUST LEAVE THEM FULLY VISIBLE TO BE IN COMPLIANCE WITH THE LICENSE TERMS -->\n<title>{TRIVIA_SITE_NAME} :: powered by TriviaShock</title>\n\n</head>\n\n<style type=\"text/css\">\n\nbody {\n SCROLLBAR-HIGHLIGHT-COLOR: {BODY_BGCOLOR};\n SCROLLBAR-BASE-COLOR:  {TABLE_HEADER2_COLOR};\n SCROLLBAR-ARROW-COLOR: {TABLE_HEADER1_COLOR};\n }\n\n .input {\n FONT-SIZE: 12px;\n FONT-FAMILY: Verdana,Arial,Helvetica,sans-serif;\n COLOR: #000000;\n BACKGROUND-COLOR: #FFFFFF;\n BORDER: 1 solid\n }\n\t\n .button {\n FONT-SIZE: 12px;\n FONT-FAMILY: Verdana,Arial,Helvetica,sans-serif;\n FONT-WEIGHT: bold;\n COLOR: #FFFFFF;\n BACKGROUND-COLOR: {TABLE_HEADER1_COLOR};\n BORDER: 1 solid\n }\n\n a {\n COLOR: {TABLE_HEADER1_COLOR}\n }\n\n a:hover {\n COLOR: {TABLE_HEADER2_COLOR}\n }\n\n .header1link {\n COLOR: #FFFFFF\n }\n\n .header1link:hover {\n COLOR: {TABLE_HEADER2_COLOR}\n }\n\n .header2link {\n COLOR: #FFFFFF;\n TEXT-DECORATION: NONE\n }\n\n .header2link:hover {\n COLOR: #FFFFFF;\n TEXT-DECORATION: UNDERLINE\n }\n\n .darklink, .cell1link, .cell2link {\n COLOR: {TABLE_HEADER1_COLOR}\n }\n\n .darklink:hover, .cell1link:hover, .cell2link:hover {\n COLOR: {TABLE_HEADER2_COLOR}\n }\n\n</style>\n\n<body bgcolor=\"{BODY_BGCOLOR}\">\n\n<!-- YOU CAN INCLUDE YOUR OWN SITE HEADER HERE, USING THE PHP require() FUNCTION -->\n\n{NORMAL_FONT}\n\n<center>\n<table width=\"{MAIN_TABLE_WIDTH}\" border=0 cellspacing=5 border=0 cellpadding=1>\n<tr><td bgcolor=\"{TABLE_BORDER_COLOR}\" width=\"100%\" align=center>\n\n<table width=\"100%\" border=0 cellspacing=0 border=0 cellpadding=10>\n<tr><td bgcolor=\"{MAIN_TABLE_COLOR}\" width=\"100%\">\n\n<!-- A note to the administrator if the trivia site is offline -->\n{ADMIN_OFFLINE_NOTICE}\n\n<center>\n<table width=\"100%\"><tr><td align=center width=\"50%\">\n<img src=\"images/triviashock_light.gif\">\n</td>\n<td align=center width=\"50%\">\n\n<table cellspacing=0 cellpadding=0 border=0 width=\"75%\">\n<tr><td bgcolor=\"{TABLE_BORDER_COLOR}\">\n<table cellpadding={TABLE_CELLPADDING} cellspacing={TABLE_BORDER_SIZE} border=0 width=\"100%\">\n\n<tr><td bgcolor=\"{TABLE_HEADER1_COLOR}\" width=\"25%\" align=center>\n{TABLE_HEADER1_FONT}\n<b><a href=\"{TRIVIA_MAIN_PAGE_LINK}\" class=header1link>HOME</a></b>\n</td>\n\n<td bgcolor=\"{TABLE_HEADER1_COLOR}\" width=\"25%\" align=center>\n{TABLE_HEADER1_FONT}\n<b><a href=\"{REGISTER_LINK}\" class=header1link>REGISTER</a></b>\n</font>\n</td>\n\n<td bgcolor=\"{TABLE_HEADER1_COLOR}\" width=\"25%\" align=center>\n{TABLE_HEADER1_FONT}\n<b><a href=\"{PROFILE_LINK}\" class=header1link>PROFILE</a></b>\n</font>\n</td>\n\n<td bgcolor=\"{TABLE_HEADER1_COLOR}\" width=\"25%\" align=center>\n{TABLE_HEADER1_FONT}\n<b><a href=\"{FAQ_LINK}\" class=header1link>FAQ</a></b>\n</font>\n</td>\n\n</tr></table>\n</table>\n\n</td></tr></table>\n<br>\n</center>\n\n{NORMAL_FONT}\n\n', '0', '0');
INSERT INTO ts_templates (id, the_key, description, data, default_data, parent, changed) VALUES ( '2', 'TRIVIA_MAIN_PAGE', 'The main page for your trivia site, lists the games.', '<table cellspacing=0 cellpadding=0 border=0 width=\"100%\">\n\n<big><big><b>:: {TRIVIA_SITE_NAME}</b></big></big>\n\n<br>\n\n<tr><td bgcolor=\"{TABLE_BORDER_COLOR}\">\n<table cellpadding={TABLE_CELLPADDING} cellspacing={TABLE_BORDER_SIZE} border=0 width=\"100%\">\n\n<tr><td bgcolor=\"{TABLE_CELL2_COLOR}\" width=\"50%\" align=center>\n\n<table width=\"100%\">\n\n<tr><td bgcolor=\"{TABLE_CELL2_COLOR}\" width=\"50%\" align=left nowrap>\n{TABLE_CELL2_FONT}<small>\n<b>Registered Users:</b> {REGISTERED_USERS}<br>\n<b>Newest User:</b> {NEWEST_USER}\n</small>\n</td>\n\n<td bgcolor=\"{TABLE_CELL2_COLOR}\" width=\"50%\" align=right nowrap>\n{TABLE_CELL2_FONT}<small>\n<b>Users Currently Playing:</b> {USERS_PLAYING}<br>\n<b>Total Games Played:</b> {GAMES_PLAYED}<br>\n</small>\n</td>\n</tr></table>\n\n<td bgcolor=\"{TABLE_CELL1_COLOR}\" width=\"50%\">\n{TABLE_CELL1_FONT}\n<small>\nWelcome! If you are a new user, you may want to check out the <a href=\"{FAQ_LINK}\">FAQ</a>. You will need to <a href=\"{REGISTER_LINK}\">register</a> before you can play.\n</small>\n</font>\n</td></tr></table>\n</table>\n\n{NORMAL_FONT}\n\n<br>\n\n<table cellspacing=0 cellpadding=0 border=0 width=100%>\n<tr><td bgcolor={TABLE_BORDER_COLOR}>\n<table cellpadding={TABLE_CELLPADDING} cellspacing={TABLE_BORDER_SIZE} border=0 width=\"100%\">\n\n<tr>\n<td bgcolor=\"{TABLE_HEADER1_COLOR}\" align=center width=\"60%\" nowrap colspan=2>\n{TABLE_HEADER1_FONT}\n<small><b>Trivia Game</b></small>\n</font>\n</td>\n\n<td bgcolor=\"{TABLE_HEADER1_COLOR}\" align=center nowrap>\n{TABLE_HEADER1_FONT}\n<small><b>Questions</b></small>\n</font>\n</td>\n\n<td bgcolor=\"{TABLE_HEADER1_COLOR}\" align=center nowrap>\n{TABLE_HEADER1_FONT}\n<small><b>Times Played</b></small>\n</font>\n</td>\n\n<td bgcolor=\"{TABLE_HEADER1_COLOR}\" align=center nowrap>\n{TABLE_HEADER1_FONT}\n<small><b>High Score</b></small>\n</font>\n</td>\n</tr>\n\n{GAME_LIST}\n\n</table>\n</td></tr></table>\n', '<table cellspacing=0 cellpadding=0 border=0 width=\"100%\">\n\n<big><big><b>:: {TRIVIA_SITE_NAME}</b></big></big>\n\n<br>\n\n<tr><td bgcolor=\"{TABLE_BORDER_COLOR}\">\n<table cellpadding={TABLE_CELLPADDING} cellspacing={TABLE_BORDER_SIZE} border=0 width=\"100%\">\n\n<tr><td bgcolor=\"{TABLE_CELL2_COLOR}\" width=\"50%\" align=center>\n\n<table width=\"100%\">\n\n<tr><td bgcolor=\"{TABLE_CELL2_COLOR}\" width=\"50%\" align=left nowrap>\n{TABLE_CELL2_FONT}<small>\n<b>Registered Users:</b> {REGISTERED_USERS}<br>\n<b>Newest User:</b> {NEWEST_USER}\n</small>\n</td>\n\n<td bgcolor=\"{TABLE_CELL2_COLOR}\" width=\"50%\" align=right nowrap>\n{TABLE_CELL2_FONT}<small>\n<b>Users Currently Playing:</b> {USERS_PLAYING}<br>\n<b>Total Games Played:</b> {GAMES_PLAYED}<br>\n</small>\n</td>\n</tr></table>\n\n<td bgcolor=\"{TABLE_CELL1_COLOR}\" width=\"50%\">\n{TABLE_CELL1_FONT}\n<small>\nWelcome! If you are a new user, you may want to check out the <a href=\"{FAQ_LINK}\">FAQ</a>. You will need to <a href=\"{REGISTER_LINK}\">register</a> before you can play.\n</small>\n</font>\n</td></tr></table>\n</table>\n\n{NORMAL_FONT}\n\n<br>\n\n<table cellspacing=0 cellpadding=0 border=0 width=100%>\n<tr><td bgcolor={TABLE_BORDER_COLOR}>\n<table cellpadding={TABLE_CELLPADDING} cellspacing={TABLE_BORDER_SIZE} border=0 width=\"100%\">\n\n<tr>\n<td bgcolor=\"{TABLE_HEADER1_COLOR}\" align=center width=\"60%\" nowrap colspan=2>\n{TABLE_HEADER1_FONT}\n<small><b>Trivia Game</b></small>\n</font>\n</td>\n\n<td bgcolor=\"{TABLE_HEADER1_COLOR}\" align=center nowrap>\n{TABLE_HEADER1_FONT}\n<small><b>Questions</b></small>\n</font>\n</td>\n\n<td bgcolor=\"{TABLE_HEADER1_COLOR}\" align=center nowrap>\n{TABLE_HEADER1_FONT}\n<small><b>Times Played</b></small>\n</font>\n</td>\n\n<td bgcolor=\"{TABLE_HEADER1_COLOR}\" align=center nowrap>\n{TABLE_HEADER1_FONT}\n<small><b>High Score</b></small>\n</font>\n</td>\n</tr>\n\n{GAME_LIST}\n\n</table>\n</td></tr></table>\n', '0', '0');
INSERT INTO ts_templates (id, the_key, description, data, default_data, parent, changed) VALUES ( '3', 'GAME_LISTING', 'Represents a single game listing on the main page. This is repeated for each game.', '<tr>\n\n<td bgcolor=\"{TABLE_CELL2_COLOR}\" width=\"3%\">\n&nbsp;\n</td>\n\n<td bgcolor=\"{TABLE_CELL1_COLOR}\" width=\"60%\">\n{TABLE_CELL1_FONT}\n<b><a href=\"{TRIVIA_GAME_INFO_LINK}\">{TRIVIA_GAME_NAME}</a></b><br>\n<small>{TRIVIA_GAME_DESCRIPTION}</small>\n</font>\n</td>\n\n<td bgcolor=\"{TABLE_CELL2_COLOR}\" align=center>\n{TABLE_CELL2_FONT}\n{TRIVIA_GAME_NUM_QUESTIONS}\n</font>\n</td>\n\n<td bgcolor=\"{TABLE_CELL1_COLOR}\" align=center>\n{TABLE_CELL1_FONT}\n{TRIVIA_GAME_NUM_PLAYS}\n</font>\n</td>\n\n<td bgcolor=\"{TABLE_CELL2_COLOR}\" align=center>\n{TABLE_CELL2_FONT}\n<!-- Replaced with CURRENT_HIGH_SCORE template if there is a high score, or CURRENT_HIGH_SCORE_NONE if not -->\n{CURRENT_HIGH_SCORE}\n</td>\n</tr>', '<tr>\n\n<td bgcolor=\"{TABLE_CELL2_COLOR}\" width=\"3%\">\n&nbsp;\n</td>\n\n<td bgcolor=\"{TABLE_CELL1_COLOR}\" width=\"60%\">\n{TABLE_CELL1_FONT}\n<b><a href=\"{TRIVIA_GAME_INFO_LINK}\">{TRIVIA_GAME_NAME}</a></b><br>\n<small>{TRIVIA_GAME_DESCRIPTION}</small>\n</font>\n</td>\n\n<td bgcolor=\"{TABLE_CELL2_COLOR}\" align=center>\n{TABLE_CELL2_FONT}\n{TRIVIA_GAME_NUM_QUESTIONS}\n</font>\n</td>\n\n<td bgcolor=\"{TABLE_CELL1_COLOR}\" align=center>\n{TABLE_CELL1_FONT}\n{TRIVIA_GAME_NUM_PLAYS}\n</font>\n</td>\n\n<td bgcolor=\"{TABLE_CELL2_COLOR}\" align=center>\n{TABLE_CELL2_FONT}\n<!-- Replaced with CURRENT_HIGH_SCORE template if there is a high score, or CURRENT_HIGH_SCORE_NONE if not -->\n{CURRENT_HIGH_SCORE}\n</td>\n</tr>', '2', '0');
INSERT INTO ts_templates (id, the_key, description, data, default_data, parent, changed) VALUES ( '4', 'CURRENT_HIGH_SCORE', 'Shown under \"Current High Score\" for each game listed.', '<small><b>{SCORE}</b> by <b><a href=\"{PROFILE_LINK}\" class=cell1link>{USERNAME}</a></b></small>', '<small><b>{SCORE}</b> by <b><a href=\"{PROFILE_LINK}\" class=cell1link>{USERNAME}</a></b></small>', '3', '0');
INSERT INTO ts_templates (id, the_key, description, data, default_data, parent, changed) VALUES ( '5', 'CURRENT_HIGH_SCORE_NONE', 'Shown under \"Current High Score\" for each game listed, when there are no high scores to show.', '<small>(None yet)</small>', '<small>(None yet)</small>', '3', '0');
INSERT INTO ts_templates (id, the_key, description, data, default_data, parent, changed) VALUES ( '6', 'GAME_INFO_PAGE', 'Page that displays specific information about a game and links the user to the actual game.', '{NORMAL_FONT}\n<b>\n:: <a href=\"{TRIVIA_MAIN_PAGE_LINK}\">{TRIVIA_SITE_NAME}</a> :: \n{TRIVIA_GAME_NAME}\n</b>\n</font>\n<br><br>\n\n<center>\n<table cellspacing=0 cellpadding=0 border=0 width=\"100%\">\n<tr><td bgcolor={TABLE_BORDER_COLOR}>\n<table cellpadding={TABLE_CELLPADDING}  cellspacing=\n{TABLE_BORDER_SIZE} border=0 width=100%>\n\n<tr>\n<td bgcolor=\"{TABLE_HEADER1_COLOR}\" width=\"100%\" align=center colspan=2>\n{TABLE_HEADER1_FONT}\n<big><b>{TRIVIA_GAME_NAME}</b></big>\n</font>\n</td></tr>\n\n<tr>\n<td bgcolor=\"{TABLE_CELL1_COLOR}\" width=\"100%\" align=center colspan=2>\n{TABLE_CELL1_FONT}\n{TRIVIA_GAME_DESCRIPTION}\n<br><br>\n\n<table width=\"100%\" cellspacing=0 cellpadding=3>\n<tr>\n<td width=\"50%\" align=center>\n{TABLE_CELL1_FONT}\n<small>This game has been played <b>{TRIVIA_GAME_NUM_PLAYS}</b> times.</small>\n</td>\n<td width=\"50%\" align=center>\n{TABLE_CELL1_FONT}\n<small>Current High Score: <b>{SCORE}</b> by <b>{USERNAME}</b></small>\n</td></tr></table>\n\n</td>\n</tr>\n\n\n\n\n</font>\n\n</td></tr>\n\n<tr>\n<td bgcolor=\"{TABLE_HEADER2_COLOR}\" width=\"100%\" align=center colspan=2>\n{TABLE_HEADER2_FONT}\n<b>Game Rules</b>\n</font>\n\n</td></tr>\n\n<tr>\n<td bgcolor=\"{TABLE_CELL1_COLOR}\" width=\"100%\" colspan=2>\n{TABLE_CELL1_FONT}\n<blockquote>\n<ul type=square>\n<li>The game will consist of <b>{TRIVIA_GAME_QUESTIONS_PER_SESSION}</b> questions.\n<li>You will have <b>{TRIVIA_GAME_QUESTION_TIME_LIMIT}</b> seconds to answer each question.\n<li>You will score <b>{TRIVIA_GAME_CORRECT_POINTS}</b> points for answering a question correctly.\n<li>You will lose <b>{TRIVIA_GAME_INCORRECT_PENALTY}</b> points for answering a question\nincorrectly or running out of time.\n</ul>\n\n \n</blockquote>\n</font>\n\n</td></tr></table>\n</td></tr></table>\n\n<br>\n\n<table cellspacing=0 cellpadding=0 border=0 width=\"50%\">\n<tr><td bgcolor=\"{TABLE_BORDER_COLOR}\">\n<table cellpadding={TABLE_CELLPADDING} cellspacing={TABLE_BORDER_SIZE} border=0 width=\"100%\">\n\n<tr><td bgcolor=\"{TABLE_HEADER1_COLOR}\" width=\"50%\" align=center nowrap>\n{TABLE_HEADER1_FONT}\n<b><a href=\"javascript:void(null)\" onClick=\"javascript:window.open(\'{PLAY_LINK}\', \'play\', \'menubar=no, width=600, height=400, toolbar=no, scollbars=no, status=no, directories=no\')\" class=header1link>PLAY NOW!</a></b>\n</td>\n\n<td bgcolor=\"{TABLE_HEADER1_COLOR}\" width=\"50%\" align=center nowrap>\n{TABLE_HEADER1_FONT}\n<b><a href=\"{HIGH_SCORE_LINK}\" class=header1link>VIEW HIGH SCORES</a></b>\n</font>\n</td></tr></table>\n</td></tr></table>\n\n<br>\n\n<table cellspacing=0 cellpadding=0 border=0 width=\"100%\">\n<tr><td bgcolor={TABLE_BORDER_COLOR}>\n<table cellpadding={TABLE_CELLPADDING} cellspacing=\n{TABLE_BORDER_SIZE} border=0 width=100%>\n\n<td bgcolor=\"{TABLE_HEADER2_COLOR}\" width=\"100%\" align=center>\n{TABLE_HEADER2_FONT}\n<big><b>Users currently playing: {NUM_PLAYERS}</b></big>\n</font>\n</td></tr>\n\n<tr>\n<td bgcolor=\"{TABLE_CELL1_COLOR}\" width=\"100%\" align=center>\n{TABLE_CELL1_FONT}\n{USER_LIST}\n</font>\n\n</td></tr></table>\n</td></tr></table>\n\n\n<br>\n\n<br>', '{NORMAL_FONT}\n<b>\n:: <a href=\"{TRIVIA_MAIN_PAGE_LINK}\">{TRIVIA_SITE_NAME}</a> :: \n{TRIVIA_GAME_NAME}\n</b>\n</font>\n<br><br>\n\n<center>\n<table cellspacing=0 cellpadding=0 border=0 width=\"100%\">\n<tr><td bgcolor={TABLE_BORDER_COLOR}>\n<table cellpadding={TABLE_CELLPADDING}  cellspacing=\n{TABLE_BORDER_SIZE} border=0 width=100%>\n\n<tr>\n<td bgcolor=\"{TABLE_HEADER1_COLOR}\" width=\"100%\" align=center colspan=2>\n{TABLE_HEADER1_FONT}\n<big><b>{TRIVIA_GAME_NAME}</b></big>\n</font>\n</td></tr>\n\n<tr>\n<td bgcolor=\"{TABLE_CELL1_COLOR}\" width=\"100%\" align=center colspan=2>\n{TABLE_CELL1_FONT}\n{TRIVIA_GAME_DESCRIPTION}\n<br><br>\n\n<table width=\"100%\" cellspacing=0 cellpadding=3>\n<tr>\n<td width=\"50%\" align=center>\n{TABLE_CELL1_FONT}\n<small>This game has been played <b>{TRIVIA_GAME_NUM_PLAYS}</b> times.</small>\n</td>\n<td width=\"50%\" align=center>\n{TABLE_CELL1_FONT}\n<small>Current High Score: <b>{SCORE}</b> by <b>{USERNAME}</b></small>\n</td></tr></table>\n\n</td>\n</tr>\n\n\n\n\n</font>\n\n</td></tr>\n\n<tr>\n<td bgcolor=\"{TABLE_HEADER2_COLOR}\" width=\"100%\" align=center colspan=2>\n{TABLE_HEADER2_FONT}\n<b>Game Rules</b>\n</font>\n\n</td></tr>\n\n<tr>\n<td bgcolor=\"{TABLE_CELL1_COLOR}\" width=\"100%\" colspan=2>\n{TABLE_CELL1_FONT}\n<blockquote>\n<ul type=square>\n<li>The game will consist of <b>{TRIVIA_GAME_QUESTIONS_PER_SESSION}</b> questions.\n<li>You will have <b>{TRIVIA_GAME_QUESTION_TIME_LIMIT}</b> seconds to answer each question.\n<li>You will score <b>{TRIVIA_GAME_CORRECT_POINTS}</b> points for answering a question correctly.\n<li>You will lose <b>{TRIVIA_GAME_INCORRECT_PENALTY}</b> points for answering a question\nincorrectly or running out of time.\n</ul>\n\n \n</blockquote>\n</font>\n\n</td></tr></table>\n</td></tr></table>\n\n<br>\n\n<table cellspacing=0 cellpadding=0 border=0 width=\"50%\">\n<tr><td bgcolor=\"{TABLE_BORDER_COLOR}\">\n<table cellpadding={TABLE_CELLPADDING} cellspacing={TABLE_BORDER_SIZE} border=0 width=\"100%\">\n\n<tr><td bgcolor=\"{TABLE_HEADER1_COLOR}\" width=\"50%\" align=center nowrap>\n{TABLE_HEADER1_FONT}\n<b><a href=\"javascript:void(null)\" onClick=\"javascript:window.open(\'{PLAY_LINK}\', \'play\', \'menubar=no, width=600, height=400, toolbar=no, scollbars=no, status=no, directories=no\')\" class=header1link>PLAY NOW!</a></b>\n</td>\n\n<td bgcolor=\"{TABLE_HEADER1_COLOR}\" width=\"50%\" align=center nowrap>\n{TABLE_HEADER1_FONT}\n<b><a href=\"{HIGH_SCORE_LINK}\" class=header1link>VIEW HIGH SCORES</a></b>\n</font>\n</td></tr></table>\n</td></tr></table>\n\n<br>\n\n<table cellspacing=0 cellpadding=0 border=0 width=\"100%\">\n<tr><td bgcolor={TABLE_BORDER_COLOR}>\n<table cellpadding={TABLE_CELLPADDING} cellspacing=\n{TABLE_BORDER_SIZE} border=0 width=100%>\n\n<td bgcolor=\"{TABLE_HEADER2_COLOR}\" width=\"100%\" align=center>\n{TABLE_HEADER2_FONT}\n<big><b>Users currently playing: {NUM_PLAYERS}</b></big>\n</font>\n</td></tr>\n\n<tr>\n<td bgcolor=\"{TABLE_CELL1_COLOR}\" width=\"100%\" align=center>\n{TABLE_CELL1_FONT}\n{USER_LIST}\n</font>\n\n</td></tr></table>\n</td></tr></table>\n\n\n<br>\n\n<br>', '0', '0');
INSERT INTO ts_templates (id, the_key, description, data, default_data, parent, changed) VALUES ( '7', 'USER_PLAYING', 'Shown for each user playing the game.', '<a href=\"{PROFILE_LINK}\" class=cell1link>{USERNAME}</a>', '<a href=\"{PROFILE_LINK}\" class=cell1link>{USERNAME}</a>', '6', '0');
INSERT INTO ts_templates (id, the_key, description, data, default_data, parent, changed) VALUES ( '8', 'HIGH_SCORE_LIST', 'List of high scores for a specific game.', '{TABLE_CELL1_FONT}\n<b>\n:: <a href=\"{TRIVIA_MAIN_PAGE_LINK}\">{TRIVIA_SITE_NAME}</a> :: \n<a href=\"{GAME_INFO_PAGE_LINK}\">{TRIVIA_GAME_NAME}</a> :: \nHigh Scores</b>\n\n<br><br>\n\n<center>\n<table cellspacing=0 cellpadding=0 border=0 width=\"100%\">\n<tr><td bgcolor={TABLE_BORDER_COLOR}>\n<table cellpadding={TABLE_CELLPADDING}  cellspacing={TABLE_BORDER_SIZE} border=0 width=100%>\n\n<tr>\n<td bgcolor=\"{TABLE_HEADER1_COLOR}\" width=\"100%\" align=center colspan=4>\n{TABLE_HEADER1_FONT}\n<big><b>{TRIVIA_GAME_NAME} :: Top {NUM_HIGH_SCORES} Scores</b></big>\n</font>\n</td></tr>\n\n<tr>\n<td bgcolor=\"{TABLE_HEADER2_COLOR}\" width=\"10%\" align=center>\n{TABLE_HEADER2_FONT}\n<small><b>Rank</b></small>\n</font>\n</td>\n\n<td bgcolor=\"{TABLE_HEADER2_COLOR}\" width=\"50%\" align=center>\n{TABLE_HEADER2_FONT}\n<small><b>Player</b></small>\n</font>\n</td>\n\n<td bgcolor=\"{TABLE_HEADER2_COLOR}\" width=\"15%\" align=center>\n{TABLE_HEADER2_FONT}\n<small><b>Score</b></small>\n</font>\n</td>\n\n<td bgcolor=\"{TABLE_HEADER2_COLOR}\" width=\"25%\" align=center nowrap>\n{TABLE_HEADER2_FONT}\n<small><b>Date / Time</b></small>\n</font>\n</td>\n\n</tr>\n\n{HIGH_SCORES}\n\n</table>\n</td></tr></table>\n\n<br>\n', '{TABLE_CELL1_FONT}\n<b>\n:: <a href=\"{TRIVIA_MAIN_PAGE_LINK}\">{TRIVIA_SITE_NAME}</a> :: \n<a href=\"{GAME_INFO_PAGE_LINK}\">{TRIVIA_GAME_NAME}</a> :: \nHigh Scores</b>\n\n<br><br>\n\n<center>\n<table cellspacing=0 cellpadding=0 border=0 width=\"100%\">\n<tr><td bgcolor={TABLE_BORDER_COLOR}>\n<table cellpadding={TABLE_CELLPADDING}  cellspacing={TABLE_BORDER_SIZE} border=0 width=100%>\n\n<tr>\n<td bgcolor=\"{TABLE_HEADER1_COLOR}\" width=\"100%\" align=center colspan=4>\n{TABLE_HEADER1_FONT}\n<big><b>{TRIVIA_GAME_NAME} :: Top {NUM_HIGH_SCORES} Scores</b></big>\n</font>\n</td></tr>\n\n<tr>\n<td bgcolor=\"{TABLE_HEADER2_COLOR}\" width=\"10%\" align=center>\n{TABLE_HEADER2_FONT}\n<small><b>Rank</b></small>\n</font>\n</td>\n\n<td bgcolor=\"{TABLE_HEADER2_COLOR}\" width=\"50%\" align=center>\n{TABLE_HEADER2_FONT}\n<small><b>Player</b></small>\n</font>\n</td>\n\n<td bgcolor=\"{TABLE_HEADER2_COLOR}\" width=\"15%\" align=center>\n{TABLE_HEADER2_FONT}\n<small><b>Score</b></small>\n</font>\n</td>\n\n<td bgcolor=\"{TABLE_HEADER2_COLOR}\" width=\"25%\" align=center nowrap>\n{TABLE_HEADER2_FONT}\n<small><b>Date / Time</b></small>\n</font>\n</td>\n\n</tr>\n\n{HIGH_SCORES}\n\n</table>\n</td></tr></table>\n\n<br>\n', '0', '0');
INSERT INTO ts_templates (id, the_key, description, data, default_data, parent, changed) VALUES ( '9', 'HIGH_SCORE', 'Represents a single high score entry on the high score list.', '<tr>\n\n<!-- RANK -->\n<td bgcolor=\"{TABLE_CELL1_COLOR}\" width=\"10%\" align=center>\n{TABLE_CELL1_FONT}\n{RANK}\n</font>\n</td>\n\n<!-- USERNAME -->\n<td bgcolor=\"{TABLE_CELL1_COLOR}\" width=\"50%\">\n{TABLE_CELL1_FONT}\n<a href=\"{PROFILE_LINK}\" class=cell1link>{USERNAME}</a>\n</font>\n</td>\n\n<!-- SCORE -->\n<td bgcolor=\"{TABLE_CELL1_COLOR}\" width=\"15%\" align=center>\n{TABLE_CELL1_FONT}\n{SCORE}\n</font>\n</td>\n\n<!-- DATE / TIME -->\n<td bgcolor=\"{TABLE_CELL1_COLOR}\" width=\"25%\" align=center>\n{TABLE_CELL1_FONT}\n<small>{DATETIME}</small>\n</font>\n</td>\n\n</tr>', '<tr>\n\n<!-- RANK -->\n<td bgcolor=\"{TABLE_CELL1_COLOR}\" width=\"10%\" align=center>\n{TABLE_CELL1_FONT}\n{RANK}\n</font>\n</td>\n\n<!-- USERNAME -->\n<td bgcolor=\"{TABLE_CELL1_COLOR}\" width=\"50%\">\n{TABLE_CELL1_FONT}\n<a href=\"{PROFILE_LINK}\" class=cell1link>{USERNAME}</a>\n</font>\n</td>\n\n<!-- SCORE -->\n<td bgcolor=\"{TABLE_CELL1_COLOR}\" width=\"15%\" align=center>\n{TABLE_CELL1_FONT}\n{SCORE}\n</font>\n</td>\n\n<!-- DATE / TIME -->\n<td bgcolor=\"{TABLE_CELL1_COLOR}\" width=\"25%\" align=center>\n{TABLE_CELL1_FONT}\n<small>{DATETIME}</small>\n</font>\n</td>\n\n</tr>', '8', '0');
INSERT INTO ts_templates (id, the_key, description, data, default_data, parent, changed) VALUES ( '10', 'HIGH_SCORE_NONE', 'Displayed as a blank high score, for slots that are no filled.', '<tr>\n\n<!-- RANK -->\n<td bgcolor=\"{TABLE_CELL1_COLOR}\" width=\"10%\" align=center>\n{TABLE_CELL1_FONT}\n{RANK}\n</font>\n</td>\n\n<!-- USERNAME -->\n<td bgcolor=\"{TABLE_CELL1_COLOR}\" width=\"50%\">\n{TABLE_CELL1_FONT}\n-\n</font>\n</td>\n\n<!-- SCORE -->\n<td bgcolor=\"{TABLE_CELL1_COLOR}\" width=\"15%\" align=center>\n{TABLE_CELL1_FONT}\n-\n</font>\n</td>\n\n<!-- DATE / TIME -->\n<td bgcolor=\"{TABLE_CELL1_COLOR}\" width=\"25%\" align=center>\n{TABLE_CELL1_FONT}\n-\n</font>\n</td>\n\n</tr>', '<tr>\n\n<!-- RANK -->\n<td bgcolor=\"{TABLE_CELL1_COLOR}\" width=\"10%\" align=center>\n{TABLE_CELL1_FONT}\n{RANK}\n</font>\n</td>\n\n<!-- USERNAME -->\n<td bgcolor=\"{TABLE_CELL1_COLOR}\" width=\"50%\">\n{TABLE_CELL1_FONT}\n-\n</font>\n</td>\n\n<!-- SCORE -->\n<td bgcolor=\"{TABLE_CELL1_COLOR}\" width=\"15%\" align=center>\n{TABLE_CELL1_FONT}\n-\n</font>\n</td>\n\n<!-- DATE / TIME -->\n<td bgcolor=\"{TABLE_CELL1_COLOR}\" width=\"25%\" align=center>\n{TABLE_CELL1_FONT}\n-\n</font>\n</td>\n\n</tr>', '8', '0');
INSERT INTO ts_templates (id, the_key, description, data, default_data, parent, changed) VALUES ( '11', 'PLAY', 'Displayed when the game is played. Contains HTML to embed and show the Flash frontend.', '<!DOCTYPE HTML PUBLIC \"-//W3C//DTD HTML 4.01 Transitional//EN\">\n<html>\n<head>\n\n<!-- DO NOT REMOVE OR MODIFY COPYRIGHT AND \"POWERED BY\" NOTICES. YOU MUST LEAVE THEM FULLY VISIBLE TO BE IN COMPLIANCE WITH THE LICENSE TERMS -->\n<title>{TRIVIA_GAME_NAME} :: powered by TriviaShock</title>\n\n</head>\n<body bgcolor=\"{BODY_BGCOLOR}\" marginwidth=0 marginheight=0 topmargin=0 bottommargin=0 leftmargin=0 rightmargin=0>\n\n<center>\n\n<OBJECT classid=\"clsid:D27CDB6E-AE6D-11cf-96B8-444553540000\"\ncodebase=\"http://download.macromedia.com/pub/shockwave/cabs/flash/swflash.cab#version=5,0,0,0\"\nWIDTH=600 HEIGHT=400><PARAM NAME=movie VALUE=\"{FRONTEND_URL}\"> <PARAM NAME=quality VALUE=high><PARAM NAME=bgcolor VALUE=\"{BODY_BGCOLOR}\"><EMBED src=\"{FRONTEND_URL}\" quality=high bgcolor=\"{BODY_BGCOLOR}\"  WIDTH=600 HEIGHT=400 TYPE=\"application/x-shockwave-flash\" PLUGINSPAGE=\"http://www.macromedia.com/shockwave/download/index.cgi?P1_Prod_Version=ShockwaveFlash\"></EMBED>\n</OBJECT>\n\n</center>\n\n</body>\n</html>', '<!DOCTYPE HTML PUBLIC \"-//W3C//DTD HTML 4.01 Transitional//EN\">\n<html>\n<head>\n\n<!-- DO NOT REMOVE OR MODIFY COPYRIGHT AND \"POWERED BY\" NOTICES. YOU MUST LEAVE THEM FULLY VISIBLE TO BE IN COMPLIANCE WITH THE LICENSE TERMS -->\n<title>{TRIVIA_GAME_NAME} :: powered by TriviaShock</title>\n\n</head>\n<body bgcolor=\"{BODY_BGCOLOR}\" marginwidth=0 marginheight=0 topmargin=0 bottommargin=0 leftmargin=0 rightmargin=0>\n\n<center>\n\n<OBJECT classid=\"clsid:D27CDB6E-AE6D-11cf-96B8-444553540000\"\ncodebase=\"http://download.macromedia.com/pub/shockwave/cabs/flash/swflash.cab#version=5,0,0,0\"\nWIDTH=600 HEIGHT=400><PARAM NAME=movie VALUE=\"{FRONTEND_URL}\"> <PARAM NAME=quality VALUE=high><PARAM NAME=bgcolor VALUE=\"{BODY_BGCOLOR}\"><EMBED src=\"{FRONTEND_URL}\" quality=high bgcolor=\"{BODY_BGCOLOR}\"  WIDTH=600 HEIGHT=400 TYPE=\"application/x-shockwave-flash\" PLUGINSPAGE=\"http://www.macromedia.com/shockwave/download/index.cgi?P1_Prod_Version=ShockwaveFlash\"></EMBED>\n</OBJECT>\n\n</center>\n\n</body>\n</html>', '0', '0');
INSERT INTO ts_templates (id, the_key, description, data, default_data, parent, changed) VALUES ( '12', 'FAQ', 'Frequently Asked Questions list.', '{NORMAL_FONT}\n<b>\n:: <a href=\"{TRIVIA_MAIN_PAGE_LINK}\">{TRIVIA_SITE_NAME}</a> :: Frequently Asked Questions\n</b>\n</font>\n<br><br>\n\n<center>\n<table cellspacing=0 cellpadding=0 border=0 width=\"100%\">\n<tr><td bgcolor={TABLE_BORDER_COLOR}>\n<table cellpadding={TABLE_CELLPADDING}  cellspacing=\n{TABLE_BORDER_SIZE} border=0 width=100%>\n\n<tr>\n<td bgcolor=\"{TABLE_HEADER1_COLOR}\" width=\"100%\" align=center>\n{TABLE_HEADER1_FONT}\n<big><b>Frequently Asked Questions (FAQ)</b></big>\n</font>\n</td></tr>\n\n<tr>\n<td bgcolor=\"{TABLE_HEADER2_COLOR}\" width=\"100%\" align=center>\n{TABLE_HEADER2_FONT}\n<big><b>Why should I register?</b></big>\n</font>\n</td></tr>\n<tr>\n<td bgcolor=\"{TABLE_CELL1_COLOR}\" width=\"100%\">\n{TABLE_CELL1_FONT}\nYou must register before you can play Trivia games. Registration is free and only\ntakes a few minutes. By registering, the trivia software can keep up with your name and list you on high scores should you qualify for them. In addition, each registered user will have a profile which contains optional fields that other users can see (a link to your homepage, your location, biography, etc, if you choose to enter them). Your profile will also show the number of trivia games you have played and the last game you played.\n</font>\n</td>\n</tr>\n\n<tr>\n<td bgcolor=\"{TABLE_HEADER2_COLOR}\" width=\"100%\" align=center>\n{TABLE_HEADER2_FONT}\n<big><b>How do I play?</b></big>\n</font>\n</td></tr>\n<tr>\n<td bgcolor=\"{TABLE_CELL1_COLOR}\" width=\"100%\">\n{TABLE_CELL1_FONT}\nTrivia games are played through a Flash 5, animated interface. To play a trivia game,\nyou must first be logged in. Then, proceed to the game by selecting a game from the\nmain page. Next, click the \"Play Now!\" link, and a window will pop up containing the\ngame.\n</font>\n</td>\n</tr>\n\n<tr>\n<td bgcolor=\"{TABLE_HEADER2_COLOR}\" width=\"100%\" align=center>\n{TABLE_HEADER2_FONT}\n<big><b>Do I need Flash 5 to Play?</b></big>\n</font>\n</td></tr>\n<tr>\n<td bgcolor=\"{TABLE_CELL1_COLOR}\" width=\"100%\">\n{TABLE_CELL1_FONT}\nYes, Flash 5 is required to play Trivia games. Almost all browsers support\nFlash 5 and most have it installed. Some browsers will even prompt you to download\nFlash 5 and install it automatically if you attempt to play the game. Otherwise,\nyuo can obtain it by downloading from the link below. <br><br>\n<center>\n<a href=\"http://www.macromedia.com/shockwave/download/index.cgi?P1_Prod_Version=ShockwaveFlash\">Download Flash 5</a>\n</center>\n</font>\n</td>\n</tr>\n\n<tr>\n<td bgcolor=\"{TABLE_HEADER2_COLOR}\" width=\"100%\" align=center>\n{TABLE_HEADER2_FONT}\n<big><b>I signed up and tried to log in, but it says invalid login, why?</b></big>\n</font>\n</td></tr>\n<tr>\n<td bgcolor=\"{TABLE_CELL1_COLOR}\" width=\"100%\">\n{TABLE_CELL1_FONT}\nThere could be two reasons why your login is not working:\n<br>\n<ol>\n<li>Your username and/or password were invalid. Please make sure you typed them\nin correctly. If you have forgotten your username or password, you can click the\nlink below the login form to have your username and password emailed to the address\nyou signed up under.</li>\n\n<li>If the administrator of this site has enabled it, you must first activate your\naccount before you can log in. When you first register, details on how to activate\nyour account should be emailed to you. Follow the instructions in that email to activate\nyour account. Once those steps are completed, you will be given a login form and you\nwill be able to log in.\n</ol>\n</font>\n</td>\n</tr>\n\n\n<tr>\n<td bgcolor=\"{TABLE_HEADER2_COLOR}\" width=\"100%\" align=center>\n{TABLE_HEADER2_FONT}\n<big><b>Does this site use Cookies?</b></big>\n</font>\n</td></tr>\n<tr>\n<td bgcolor=\"{TABLE_CELL1_COLOR}\" width=\"100%\">\n{TABLE_CELL1_FONT}\nYes, this site will use a few cookies when you register or attempt to log in.\nThe cookies simply contain your login name and password so that you can stay\nlogged in.\n</font>\n</td>\n</tr>\n\n<tr>\n<td bgcolor=\"{TABLE_HEADER2_COLOR}\" width=\"100%\" align=center>\n{TABLE_HEADER2_FONT}\n<big><b>Will other users be able to see my email address?</b></big>\n</font>\n</td></tr>\n<tr>\n<td bgcolor=\"{TABLE_CELL1_COLOR}\" width=\"100%\">\n{TABLE_CELL1_FONT}\nNo. Your email address will Not be shown on your profile and will not be visible\nto other users.\n</font>\n</td>\n</tr>\n\n</table>\n</td></tr></table>\n\n', '{NORMAL_FONT}\n<b>\n:: <a href=\"{TRIVIA_MAIN_PAGE_LINK}\">{TRIVIA_SITE_NAME}</a> :: Frequently Asked Questions\n</b>\n</font>\n<br><br>\n\n<center>\n<table cellspacing=0 cellpadding=0 border=0 width=\"100%\">\n<tr><td bgcolor={TABLE_BORDER_COLOR}>\n<table cellpadding={TABLE_CELLPADDING}  cellspacing=\n{TABLE_BORDER_SIZE} border=0 width=100%>\n\n<tr>\n<td bgcolor=\"{TABLE_HEADER1_COLOR}\" width=\"100%\" align=center>\n{TABLE_HEADER1_FONT}\n<big><b>Frequently Asked Questions (FAQ)</b></big>\n</font>\n</td></tr>\n\n<tr>\n<td bgcolor=\"{TABLE_HEADER2_COLOR}\" width=\"100%\" align=center>\n{TABLE_HEADER2_FONT}\n<big><b>Why should I register?</b></big>\n</font>\n</td></tr>\n<tr>\n<td bgcolor=\"{TABLE_CELL1_COLOR}\" width=\"100%\">\n{TABLE_CELL1_FONT}\nYou must register before you can play Trivia games. Registration is free and only\ntakes a few minutes. By registering, the trivia software can keep up with your name and list you on high scores should you qualify for them. In addition, each registered user will have a profile which contains optional fields that other users can see (a link to your homepage, your location, biography, etc, if you choose to enter them). Your profile will also show the number of trivia games you have played and the last game you played.\n</font>\n</td>\n</tr>\n\n<tr>\n<td bgcolor=\"{TABLE_HEADER2_COLOR}\" width=\"100%\" align=center>\n{TABLE_HEADER2_FONT}\n<big><b>How do I play?</b></big>\n</font>\n</td></tr>\n<tr>\n<td bgcolor=\"{TABLE_CELL1_COLOR}\" width=\"100%\">\n{TABLE_CELL1_FONT}\nTrivia games are played through a Flash 5, animated interface. To play a trivia game,\nyou must first be logged in. Then, proceed to the game by selecting a game from the\nmain page. Next, click the \"Play Now!\" link, and a window will pop up containing the\ngame.\n</font>\n</td>\n</tr>\n\n<tr>\n<td bgcolor=\"{TABLE_HEADER2_COLOR}\" width=\"100%\" align=center>\n{TABLE_HEADER2_FONT}\n<big><b>Do I need Flash 5 to Play?</b></big>\n</font>\n</td></tr>\n<tr>\n<td bgcolor=\"{TABLE_CELL1_COLOR}\" width=\"100%\">\n{TABLE_CELL1_FONT}\nYes, Flash 5 is required to play Trivia games. Almost all browsers support\nFlash 5 and most have it installed. Some browsers will even prompt you to download\nFlash 5 and install it automatically if you attempt to play the game. Otherwise,\nyuo can obtain it by downloading from the link below. <br><br>\n<center>\n<a href=\"http://www.macromedia.com/shockwave/download/index.cgi?P1_Prod_Version=ShockwaveFlash\">Download Flash 5</a>\n</center>\n</font>\n</td>\n</tr>\n\n<tr>\n<td bgcolor=\"{TABLE_HEADER2_COLOR}\" width=\"100%\" align=center>\n{TABLE_HEADER2_FONT}\n<big><b>I signed up and tried to log in, but it says invalid login, why?</b></big>\n</font>\n</td></tr>\n<tr>\n<td bgcolor=\"{TABLE_CELL1_COLOR}\" width=\"100%\">\n{TABLE_CELL1_FONT}\nThere could be two reasons why your login is not working:\n<br>\n<ol>\n<li>Your username and/or password were invalid. Please make sure you typed them\nin correctly. If you have forgotten your username or password, you can click the\nlink below the login form to have your username and password emailed to the address\nyou signed up under.</li>\n\n<li>If the administrator of this site has enabled it, you must first activate your\naccount before you can log in. When you first register, details on how to activate\nyour account should be emailed to you. Follow the instructions in that email to activate\nyour account. Once those steps are completed, you will be given a login form and you\nwill be able to log in.\n</ol>\n</font>\n</td>\n</tr>\n\n\n<tr>\n<td bgcolor=\"{TABLE_HEADER2_COLOR}\" width=\"100%\" align=center>\n{TABLE_HEADER2_FONT}\n<big><b>Does this site use Cookies?</b></big>\n</font>\n</td></tr>\n<tr>\n<td bgcolor=\"{TABLE_CELL1_COLOR}\" width=\"100%\">\n{TABLE_CELL1_FONT}\nYes, this site will use a few cookies when you register or attempt to log in.\nThe cookies simply contain your login name and password so that you can stay\nlogged in.\n</font>\n</td>\n</tr>\n\n<tr>\n<td bgcolor=\"{TABLE_HEADER2_COLOR}\" width=\"100%\" align=center>\n{TABLE_HEADER2_FONT}\n<big><b>Will other users be able to see my email address?</b></big>\n</font>\n</td></tr>\n<tr>\n<td bgcolor=\"{TABLE_CELL1_COLOR}\" width=\"100%\">\n{TABLE_CELL1_FONT}\nNo. Your email address will Not be shown on your profile and will not be visible\nto other users.\n</font>\n</td>\n</tr>\n\n</table>\n</td></tr></table>\n\n', '0', '0');
INSERT INTO ts_templates (id, the_key, description, data, default_data, parent, changed) VALUES ( '13', 'USER_REGISTER', 'Form used to register new users.', '<center>\n<table cellspacing=0 cellpadding=0 border=0 width=\"100%\">\n<tr><td bgcolor={TABLE_BORDER_COLOR}>\n<table cellpadding={TABLE_CELLPADDING}  cellspacing=\n{TABLE_BORDER_SIZE} border=0 width=100%>\n\n<tr>\n<td bgcolor=\"{TABLE_HEADER1_COLOR}\" width=\"100%\" align=center colspan=2>\n{TABLE_HEADER1_FONT}\n<b>Required Fields</b> - Needed for your registration.\n</font>\n</td></tr>\n\n<tr>\n<td bgcolor=\"{TABLE_CELL1_COLOR}\" width=\"20%\">\n{TABLE_CELL1_FONT}\n<b>Username</b><br>\n<small>Choose a username between 1 and 20 characters long.</small>\n</font>\n</td>\n<td bgcolor=\"{TABLE_CELL1_COLOR}\" width=\"80%\">\n{USERNAME_FIELD}\n</td>\n</tr>\n\n<tr>\n<td bgcolor=\"{TABLE_CELL1_COLOR}\" width=\"20%\">\n{TABLE_CELL1_FONT}\n<b>Password</b><br>\n<small>Enter a password to log in with. Remember your password!</small>\n</font>\n</td>\n<td bgcolor=\"{TABLE_CELL1_COLOR}\" width=\"80%\">\n{PASSWORD_FIELD}\n</td>\n</tr>\n\n<tr>\n<td bgcolor=\"{TABLE_CELL1_COLOR}\" width=\"20%\">\n{TABLE_CELL1_FONT}\n<b>Retype Password</b><br>\n<small>Retype your password</small>\n</font>\n</td>\n<td bgcolor=\"{TABLE_CELL1_COLOR}\" width=\"80%\">\n{PASSWORD_RETYPE_FIELD}\n</td>\n</tr>\n\n<tr>\n<td bgcolor=\"{TABLE_CELL1_COLOR}\" width=\"20%\">\n{TABLE_CELL1_FONT}\n<b>Email</b><br>\n<small>Enter your email address. Your email address is required for registration,\nso use your real email address. Other users will <b>not</b> be able to see your email address.</small>\n</font>\n</td>\n<td bgcolor=\"{TABLE_CELL1_COLOR}\" width=\"80%\">\n{EMAIL_FIELD}\n</td>\n</tr>\n\n<tr>\n<td bgcolor=\"{TABLE_CELL1_COLOR}\" width=\"20%\">\n{TABLE_CELL1_FONT}\n<b>Retype Email</b><br>\n<small>Retype your email address.</small>\n</font>\n</td>\n<td bgcolor=\"{TABLE_CELL1_COLOR}\" width=\"80%\">\n{EMAIL_RETYPE_FIELD}\n</td>\n</tr>\n\n<tr>\n<td bgcolor=\"{TABLE_HEADER1_COLOR}\" width=\"100%\" align=center colspan=2>\n{TABLE_HEADER1_FONT}\n<b>Optional Fields</b> - Shown on your user profile.\n</font>\n</td></tr>\n\n<tr>\n<td bgcolor=\"{TABLE_CELL1_COLOR}\" width=\"20%\">\n{TABLE_CELL1_FONT}\n<b>Homepage</b><br>\n<small>Enter the URL of your homepage (start with http://)</small>\n</font>\n</td>\n<td bgcolor=\"{TABLE_CELL1_COLOR}\" width=\"80%\">\n{HOMEPAGE_FIELD}\n</td>\n</tr>\n\n<tr>\n<td bgcolor=\"{TABLE_CELL1_COLOR}\" width=\"20%\">\n{TABLE_CELL1_FONT}\n<b>Location</b><br>\n<small>Where you are located (i.e. \"USA\", \"Los Angeles, CA\", etc.)</small>\n</font>\n</td>\n<td bgcolor=\"{TABLE_CELL1_COLOR}\" width=\"80%\">\n{LOCATION_FIELD}\n</td>\n</tr>\n\n\n<tr>\n<td bgcolor=\"{TABLE_CELL1_COLOR}\" width=\"20%\">\n{TABLE_CELL1_FONT}\n<b>Biography</b><br>\n<small>A little bit about yourself</small>\n</font>\n</td>\n<td bgcolor=\"{TABLE_CELL1_COLOR}\" width=\"80%\">\n{BIOGRAPHY_FIELD}\n</td>\n</tr>\n\n\n<tr>\n<td bgcolor=\"{TABLE_CELL1_COLOR}\" width=\"20%\">\n{TABLE_CELL1_FONT}\n<b>ICQ Number</b><br>\n</font>\n</td>\n<td bgcolor=\"{TABLE_CELL1_COLOR}\" width=\"80%\">\n{ICQ_NUMBER_FIELD}\n</td>\n</tr>\n\n<tr>\n<td bgcolor=\"{TABLE_CELL1_COLOR}\" width=\"20%\">\n{TABLE_CELL1_FONT}\n<b>AOL Instant Messenger Handle</b><br>\n</font>\n</td>\n<td bgcolor=\"{TABLE_CELL1_COLOR}\" width=\"80%\">\n{AIM_HANDLE_FIELD}\n</td>\n</tr>\n\n<tr>\n<td bgcolor=\"{TABLE_CELL1_COLOR}\" width=\"20%\">\n{TABLE_CELL1_FONT}\n<b>Yahoo! Messenger Handle</b><br>\n</font>\n</td>\n<td bgcolor=\"{TABLE_CELL1_COLOR}\" width=\"80%\">\n{YAHOO_HANDLE_FIELD}\n</td>\n</tr>\n\n<tr>\n<td bgcolor=\"{TABLE_CELL1_COLOR}\" width=\"20%\">\n{TABLE_CELL1_FONT}\n<b>Time Offset</b><br>\n<small>Select the time zone you are located in. This will ensure that the times displayed throughout the site will be relative to your time zone.\n</font>\n</td>\n<td bgcolor=\"{TABLE_CELL1_COLOR}\" width=\"80%\">\n{TIME_OFFSET_FIELD}\n</td>\n</tr>\n\n<tr>\n<td bgcolor=\"{TABLE_HEADER1_COLOR}\" width=\"100%\" align=center colspan=2>\n{TABLE_HEADER1_FONT}\n<input type=submit name=\"form_options[submit]\" value=\"Sign Up\" class=button> &nbsp; <input type=reset value=\"Reset Form\" class=button>\n</font>\n</td></tr>\n\n</table></td></tr></table>\n', '<center>\n<table cellspacing=0 cellpadding=0 border=0 width=\"100%\">\n<tr><td bgcolor={TABLE_BORDER_COLOR}>\n<table cellpadding={TABLE_CELLPADDING}  cellspacing=\n{TABLE_BORDER_SIZE} border=0 width=100%>\n\n<tr>\n<td bgcolor=\"{TABLE_HEADER1_COLOR}\" width=\"100%\" align=center colspan=2>\n{TABLE_HEADER1_FONT}\n<b>Required Fields</b> - Needed for your registration.\n</font>\n</td></tr>\n\n<tr>\n<td bgcolor=\"{TABLE_CELL1_COLOR}\" width=\"20%\">\n{TABLE_CELL1_FONT}\n<b>Username</b><br>\n<small>Choose a username between 1 and 20 characters long.</small>\n</font>\n</td>\n<td bgcolor=\"{TABLE_CELL1_COLOR}\" width=\"80%\">\n{USERNAME_FIELD}\n</td>\n</tr>\n\n<tr>\n<td bgcolor=\"{TABLE_CELL1_COLOR}\" width=\"20%\">\n{TABLE_CELL1_FONT}\n<b>Password</b><br>\n<small>Enter a password to log in with. Remember your password!</small>\n</font>\n</td>\n<td bgcolor=\"{TABLE_CELL1_COLOR}\" width=\"80%\">\n{PASSWORD_FIELD}\n</td>\n</tr>\n\n<tr>\n<td bgcolor=\"{TABLE_CELL1_COLOR}\" width=\"20%\">\n{TABLE_CELL1_FONT}\n<b>Retype Password</b><br>\n<small>Retype your password</small>\n</font>\n</td>\n<td bgcolor=\"{TABLE_CELL1_COLOR}\" width=\"80%\">\n{PASSWORD_RETYPE_FIELD}\n</td>\n</tr>\n\n<tr>\n<td bgcolor=\"{TABLE_CELL1_COLOR}\" width=\"20%\">\n{TABLE_CELL1_FONT}\n<b>Email</b><br>\n<small>Enter your email address. Your email address is required for registration,\nso use your real email address. Other users will <b>not</b> be able to see your email address.</small>\n</font>\n</td>\n<td bgcolor=\"{TABLE_CELL1_COLOR}\" width=\"80%\">\n{EMAIL_FIELD}\n</td>\n</tr>\n\n<tr>\n<td bgcolor=\"{TABLE_CELL1_COLOR}\" width=\"20%\">\n{TABLE_CELL1_FONT}\n<b>Retype Email</b><br>\n<small>Retype your email address.</small>\n</font>\n</td>\n<td bgcolor=\"{TABLE_CELL1_COLOR}\" width=\"80%\">\n{EMAIL_RETYPE_FIELD}\n</td>\n</tr>\n\n<tr>\n<td bgcolor=\"{TABLE_HEADER1_COLOR}\" width=\"100%\" align=center colspan=2>\n{TABLE_HEADER1_FONT}\n<b>Optional Fields</b> - Shown on your user profile.\n</font>\n</td></tr>\n\n<tr>\n<td bgcolor=\"{TABLE_CELL1_COLOR}\" width=\"20%\">\n{TABLE_CELL1_FONT}\n<b>Homepage</b><br>\n<small>Enter the URL of your homepage (start with http://)</small>\n</font>\n</td>\n<td bgcolor=\"{TABLE_CELL1_COLOR}\" width=\"80%\">\n{HOMEPAGE_FIELD}\n</td>\n</tr>\n\n<tr>\n<td bgcolor=\"{TABLE_CELL1_COLOR}\" width=\"20%\">\n{TABLE_CELL1_FONT}\n<b>Location</b><br>\n<small>Where you are located (i.e. \"USA\", \"Los Angeles, CA\", etc.)</small>\n</font>\n</td>\n<td bgcolor=\"{TABLE_CELL1_COLOR}\" width=\"80%\">\n{LOCATION_FIELD}\n</td>\n</tr>\n\n\n<tr>\n<td bgcolor=\"{TABLE_CELL1_COLOR}\" width=\"20%\">\n{TABLE_CELL1_FONT}\n<b>Biography</b><br>\n<small>A little bit about yourself</small>\n</font>\n</td>\n<td bgcolor=\"{TABLE_CELL1_COLOR}\" width=\"80%\">\n{BIOGRAPHY_FIELD}\n</td>\n</tr>\n\n\n<tr>\n<td bgcolor=\"{TABLE_CELL1_COLOR}\" width=\"20%\">\n{TABLE_CELL1_FONT}\n<b>ICQ Number</b><br>\n</font>\n</td>\n<td bgcolor=\"{TABLE_CELL1_COLOR}\" width=\"80%\">\n{ICQ_NUMBER_FIELD}\n</td>\n</tr>\n\n<tr>\n<td bgcolor=\"{TABLE_CELL1_COLOR}\" width=\"20%\">\n{TABLE_CELL1_FONT}\n<b>AOL Instant Messenger Handle</b><br>\n</font>\n</td>\n<td bgcolor=\"{TABLE_CELL1_COLOR}\" width=\"80%\">\n{AIM_HANDLE_FIELD}\n</td>\n</tr>\n\n<tr>\n<td bgcolor=\"{TABLE_CELL1_COLOR}\" width=\"20%\">\n{TABLE_CELL1_FONT}\n<b>Yahoo! Messenger Handle</b><br>\n</font>\n</td>\n<td bgcolor=\"{TABLE_CELL1_COLOR}\" width=\"80%\">\n{YAHOO_HANDLE_FIELD}\n</td>\n</tr>\n\n<tr>\n<td bgcolor=\"{TABLE_CELL1_COLOR}\" width=\"20%\">\n{TABLE_CELL1_FONT}\n<b>Time Offset</b><br>\n<small>Select the time zone you are located in. This will ensure that the times displayed throughout the site will be relative to your time zone.\n</font>\n</td>\n<td bgcolor=\"{TABLE_CELL1_COLOR}\" width=\"80%\">\n{TIME_OFFSET_FIELD}\n</td>\n</tr>\n\n<tr>\n<td bgcolor=\"{TABLE_HEADER1_COLOR}\" width=\"100%\" align=center colspan=2>\n{TABLE_HEADER1_FONT}\n<input type=submit name=\"form_options[submit]\" value=\"Sign Up\" class=button> &nbsp; <input type=reset value=\"Reset Form\" class=button>\n</font>\n</td></tr>\n\n</table></td></tr></table>\n', '0', '0');
INSERT INTO ts_templates (id, the_key, description, data, default_data, parent, changed) VALUES ( '14', 'USER_EDIT_PROFILE', 'Form which allows users to edit their profile', '<center>\n<table cellspacing=0 cellpadding=0 border=0 width=\"100%\">\n<tr><td bgcolor={TABLE_BORDER_COLOR}>\n<table cellpadding={TABLE_CELLPADDING}  cellspacing=\n{TABLE_BORDER_SIZE} border=0 width=100%>\n\n<tr>\n<td bgcolor=\"{TABLE_HEADER1_COLOR}\" width=\"100%\" align=center colspan=2>\n{TABLE_HEADER1_FONT}\n<b>Required Fields</b> - Needed for your registration.\n</font>\n</td></tr>\n\n<tr>\n<td bgcolor=\"{TABLE_CELL1_COLOR}\" width=\"20%\">\n{TABLE_CELL1_FONT}\n<b>Username</b><br>\n<small>Your username.</small>\n</font>\n</td>\n<td bgcolor=\"{TABLE_CELL1_COLOR}\" width=\"80%\">\n{USERNAME}\n</td>\n</tr>\n\n<tr>\n<td bgcolor=\"{TABLE_CELL1_COLOR}\" width=\"20%\">\n{TABLE_CELL1_FONT}\n<b>New Password</b><br>\n<small>Enter a new password to change your current one.</small>\n</font>\n</td>\n<td bgcolor=\"{TABLE_CELL1_COLOR}\" width=\"80%\">\n{PASSWORD_FIELD}\n</td>\n</tr>\n\n<tr>\n<td bgcolor=\"{TABLE_CELL1_COLOR}\" width=\"20%\">\n{TABLE_CELL1_FONT}\n<b>Retype New Password</b><br>\n<small>Retype your new password</small>\n</font>\n</td>\n<td bgcolor=\"{TABLE_CELL1_COLOR}\" width=\"80%\">\n{PASSWORD_RETYPE_FIELD}\n</td>\n</tr>\n\n<tr>\n<td bgcolor=\"{TABLE_CELL1_COLOR}\" width=\"20%\">\n{TABLE_CELL1_FONT}\n<b>Email</b><br>\n<small>Your email address.</small>\n</font>\n</td>\n<td bgcolor=\"{TABLE_CELL1_COLOR}\" width=\"80%\">\n{EMAIL}\n</td>\n</tr>\n\n<tr>\n<td bgcolor=\"{TABLE_HEADER1_COLOR}\" width=\"100%\" align=center colspan=2>\n{TABLE_HEADER1_FONT}\n<b>Optional Fields</b> - Shown on your user profile.\n</font>\n</td></tr>\n\n<tr>\n<td bgcolor=\"{TABLE_CELL1_COLOR}\" width=\"20%\">\n{TABLE_CELL1_FONT}\n<b>Homepage</b><br>\n<small>Enter the URL of your homepage (start with http://)</small>\n</font>\n</td>\n<td bgcolor=\"{TABLE_CELL1_COLOR}\" width=\"80%\">\n{HOMEPAGE_FIELD}\n</td>\n</tr>\n\n<tr>\n<td bgcolor=\"{TABLE_CELL1_COLOR}\" width=\"20%\">\n{TABLE_CELL1_FONT}\n<b>Location</b><br>\n<small>Where you are located (i.e. \"USA\", \"Los Angeles, CA\", etc.)</small>\n</font>\n</td>\n<td bgcolor=\"{TABLE_CELL1_COLOR}\" width=\"80%\">\n{LOCATION_FIELD}\n</td>\n</tr>\n\n\n<tr>\n<td bgcolor=\"{TABLE_CELL1_COLOR}\" width=\"20%\">\n{TABLE_CELL1_FONT}\n<b>Biography</b><br>\n<small>A little bit about yourself</small>\n</font>\n</td>\n<td bgcolor=\"{TABLE_CELL1_COLOR}\" width=\"80%\">\n{BIOGRAPHY_FIELD}\n</td>\n</tr>\n\n\n<tr>\n<td bgcolor=\"{TABLE_CELL1_COLOR}\" width=\"20%\">\n{TABLE_CELL1_FONT}\n<b>ICQ Number</b><br>\n</font>\n</td>\n<td bgcolor=\"{TABLE_CELL1_COLOR}\" width=\"80%\">\n{ICQ_NUMBER_FIELD}\n</td>\n</tr>\n\n<tr>\n<td bgcolor=\"{TABLE_CELL1_COLOR}\" width=\"20%\">\n{TABLE_CELL1_FONT}\n<b>AOL Instant Messenger Handle</b><br>\n</font>\n</td>\n<td bgcolor=\"{TABLE_CELL1_COLOR}\" width=\"80%\">\n{AIM_HANDLE_FIELD}\n</td>\n</tr>\n\n<tr>\n<td bgcolor=\"{TABLE_CELL1_COLOR}\" width=\"20%\">\n{TABLE_CELL1_FONT}\n<b>Yahoo! Messenger Handle</b><br>\n</font>\n</td>\n<td bgcolor=\"{TABLE_CELL1_COLOR}\" width=\"80%\">\n{YAHOO_HANDLE_FIELD}\n</td>\n</tr>\n\n<tr>\n<td bgcolor=\"{TABLE_CELL1_COLOR}\" width=\"20%\">\n{TABLE_CELL1_FONT}\n<b>Time Offset</b><br>\n<small>Select the time zone you are located in. This will ensure that the times displayed throughout the site will be relative to your time zone.\n</font>\n</td>\n<td bgcolor=\"{TABLE_CELL1_COLOR}\" width=\"80%\">\n{TIME_OFFSET_FIELD}\n</td>\n</tr>\n\n<tr>\n<td bgcolor=\"{TABLE_HEADER1_COLOR}\" width=\"100%\" align=center colspan=2>\n\n<input type=submit name=\"form_options[submit]\" value=\"Save Changes\" class=\"button\"> &nbsp; <input type=reset value=\"Reset Form\" class=\"button\">\n\n</td></tr>\n\n</table></td></tr></table>\n', '<center>\n<table cellspacing=0 cellpadding=0 border=0 width=\"100%\">\n<tr><td bgcolor={TABLE_BORDER_COLOR}>\n<table cellpadding={TABLE_CELLPADDING}  cellspacing=\n{TABLE_BORDER_SIZE} border=0 width=100%>\n\n<tr>\n<td bgcolor=\"{TABLE_HEADER1_COLOR}\" width=\"100%\" align=center colspan=2>\n{TABLE_HEADER1_FONT}\n<b>Required Fields</b> - Needed for your registration.\n</font>\n</td></tr>\n\n<tr>\n<td bgcolor=\"{TABLE_CELL1_COLOR}\" width=\"20%\">\n{TABLE_CELL1_FONT}\n<b>Username</b><br>\n<small>Your username.</small>\n</font>\n</td>\n<td bgcolor=\"{TABLE_CELL1_COLOR}\" width=\"80%\">\n{USERNAME}\n</td>\n</tr>\n\n<tr>\n<td bgcolor=\"{TABLE_CELL1_COLOR}\" width=\"20%\">\n{TABLE_CELL1_FONT}\n<b>New Password</b><br>\n<small>Enter a new password to change your current one.</small>\n</font>\n</td>\n<td bgcolor=\"{TABLE_CELL1_COLOR}\" width=\"80%\">\n{PASSWORD_FIELD}\n</td>\n</tr>\n\n<tr>\n<td bgcolor=\"{TABLE_CELL1_COLOR}\" width=\"20%\">\n{TABLE_CELL1_FONT}\n<b>Retype New Password</b><br>\n<small>Retype your new password</small>\n</font>\n</td>\n<td bgcolor=\"{TABLE_CELL1_COLOR}\" width=\"80%\">\n{PASSWORD_RETYPE_FIELD}\n</td>\n</tr>\n\n<tr>\n<td bgcolor=\"{TABLE_CELL1_COLOR}\" width=\"20%\">\n{TABLE_CELL1_FONT}\n<b>Email</b><br>\n<small>Your email address.</small>\n</font>\n</td>\n<td bgcolor=\"{TABLE_CELL1_COLOR}\" width=\"80%\">\n{EMAIL}\n</td>\n</tr>\n\n<tr>\n<td bgcolor=\"{TABLE_HEADER1_COLOR}\" width=\"100%\" align=center colspan=2>\n{TABLE_HEADER1_FONT}\n<b>Optional Fields</b> - Shown on your user profile.\n</font>\n</td></tr>\n\n<tr>\n<td bgcolor=\"{TABLE_CELL1_COLOR}\" width=\"20%\">\n{TABLE_CELL1_FONT}\n<b>Homepage</b><br>\n<small>Enter the URL of your homepage (start with http://)</small>\n</font>\n</td>\n<td bgcolor=\"{TABLE_CELL1_COLOR}\" width=\"80%\">\n{HOMEPAGE_FIELD}\n</td>\n</tr>\n\n<tr>\n<td bgcolor=\"{TABLE_CELL1_COLOR}\" width=\"20%\">\n{TABLE_CELL1_FONT}\n<b>Location</b><br>\n<small>Where you are located (i.e. \"USA\", \"Los Angeles, CA\", etc.)</small>\n</font>\n</td>\n<td bgcolor=\"{TABLE_CELL1_COLOR}\" width=\"80%\">\n{LOCATION_FIELD}\n</td>\n</tr>\n\n\n<tr>\n<td bgcolor=\"{TABLE_CELL1_COLOR}\" width=\"20%\">\n{TABLE_CELL1_FONT}\n<b>Biography</b><br>\n<small>A little bit about yourself</small>\n</font>\n</td>\n<td bgcolor=\"{TABLE_CELL1_COLOR}\" width=\"80%\">\n{BIOGRAPHY_FIELD}\n</td>\n</tr>\n\n\n<tr>\n<td bgcolor=\"{TABLE_CELL1_COLOR}\" width=\"20%\">\n{TABLE_CELL1_FONT}\n<b>ICQ Number</b><br>\n</font>\n</td>\n<td bgcolor=\"{TABLE_CELL1_COLOR}\" width=\"80%\">\n{ICQ_NUMBER_FIELD}\n</td>\n</tr>\n\n<tr>\n<td bgcolor=\"{TABLE_CELL1_COLOR}\" width=\"20%\">\n{TABLE_CELL1_FONT}\n<b>AOL Instant Messenger Handle</b><br>\n</font>\n</td>\n<td bgcolor=\"{TABLE_CELL1_COLOR}\" width=\"80%\">\n{AIM_HANDLE_FIELD}\n</td>\n</tr>\n\n<tr>\n<td bgcolor=\"{TABLE_CELL1_COLOR}\" width=\"20%\">\n{TABLE_CELL1_FONT}\n<b>Yahoo! Messenger Handle</b><br>\n</font>\n</td>\n<td bgcolor=\"{TABLE_CELL1_COLOR}\" width=\"80%\">\n{YAHOO_HANDLE_FIELD}\n</td>\n</tr>\n\n<tr>\n<td bgcolor=\"{TABLE_CELL1_COLOR}\" width=\"20%\">\n{TABLE_CELL1_FONT}\n<b>Time Offset</b><br>\n<small>Select the time zone you are located in. This will ensure that the times displayed throughout the site will be relative to your time zone.\n</font>\n</td>\n<td bgcolor=\"{TABLE_CELL1_COLOR}\" width=\"80%\">\n{TIME_OFFSET_FIELD}\n</td>\n</tr>\n\n<tr>\n<td bgcolor=\"{TABLE_HEADER1_COLOR}\" width=\"100%\" align=center colspan=2>\n\n<input type=submit name=\"form_options[submit]\" value=\"Save Changes\" class=\"button\"> &nbsp; <input type=reset value=\"Reset Form\" class=\"button\">\n\n</td></tr>\n\n</table></td></tr></table>\n', '0', '0');
INSERT INTO ts_templates (id, the_key, description, data, default_data, parent, changed) VALUES ( '15', 'PROFILE', 'Displays the profile for a user.', '{TABLE_CELL1_FONT}\n<b>\n:: <a href=\"{TRIVIA_MAIN_PAGE_LINK}\">{TRIVIA_SITE_NAME}</a> :: \n{USERNAME}</b> User Profile\n</b>\n</font>\n<br><br>\n\n<center>\n<table cellspacing=0 cellpadding=0 border=0 width=\"100%\">\n<tr><td bgcolor={TABLE_BORDER_COLOR}>\n<table cellpadding={TABLE_CELLPADDING}  cellspacing=\n{TABLE_BORDER_SIZE} border=0 width=100%>\n\n<td bgcolor=\"{TABLE_HEADER1_COLOR}\" width=\"100%\" align=center colspan=2>\n{TABLE_HEADER1_FONT}\n<big><b>{USERNAME}</b> User Profile</big>\n</font>\n</td></tr>\n\n<tr>\n<td bgcolor=\"{TABLE_CELL1_COLOR}\" width=\"20%\">\n{TABLE_CELL1_FONT}\n<b>Username</b>\n</font>\n</td>\n\n<td bgcolor=\"{TABLE_CELL1_COLOR}\" width=\"80%\">\n{TABLE_CELL1_FONT}\n<b>{USERNAME}</b>\n</font>\n</td>\n</tr>\n\n<tr>\n<td bgcolor=\"{TABLE_CELL2_COLOR}\" width=\"20%\">\n{TABLE_CELL2_FONT}\n<b>Date Registered</b>\n</font>\n</td>\n\n<td bgcolor=\"{TABLE_CELL2_COLOR}\" width=\"80%\">\n{TABLE_CELL2_FONT}\n<b>{DATE_REGISTERED}</b>\n</font>\n</td>\n</tr>\n\n<tr>\n<td bgcolor=\"{TABLE_CELL1_COLOR}\" width=\"20%\">\n{TABLE_CELL1_FONT}\n<b>Last Visited:</b>\n</font>\n</td>\n\n<td bgcolor=\"{TABLE_CELL1_COLOR}\" width=\"80%\">\n{TABLE_CELL1_FONT}\n<b>{LAST_VISIT_DATE}</b> at <b>{LAST_VISIT_TIME}</b>\n</font>\n</td>\n</tr>\n\n<tr>\n<td bgcolor=\"{TABLE_CELL2_COLOR}\" width=\"20%\">\n{TABLE_CELL2_FONT}\n<b>Total Games Played</b>\n</font>\n</td>\n\n<td bgcolor=\"{TABLE_CELL2_COLOR}\" width=\"80%\">\n{TABLE_CELL2_FONT}\n<b>{GAMES_PLAYED}</b>\n</font>\n</td>\n</tr>\n\n<tr>\n<td bgcolor=\"{TABLE_CELL1_COLOR}\" width=\"20%\">\n{TABLE_CELL1_FONT}\n<b>Last Game Played</b>\n</font>\n</td>\n\n<td bgcolor=\"{TABLE_CELL1_COLOR}\" width=\"80%\">\n{TABLE_CELL1_FONT}\n{LAST_GAME_PLAYED}\n</font>\n</td>\n</tr>\n\n<tr>\n<td bgcolor=\"{TABLE_CELL2_COLOR}\" width=\"20%\">\n{TABLE_CELL2_FONT}\n<b>Homepage</b>\n</font>\n</td>\n\n<td bgcolor=\"{TABLE_CELL2_COLOR}\" width=\"80%\">\n{TABLE_CELL2_FONT}\n<a href=\"{HOMEPAGE}\">{HOMEPAGE}</a>\n</font></td>\n</tr>\n\n\n<tr>\n<td bgcolor=\"{TABLE_CELL1_COLOR}\" width=\"20%\">\n{TABLE_CELL1_FONT}\n<b>Location</b>\n</font>\n</td>\n\n<td bgcolor=\"{TABLE_CELL1_COLOR}\" width=\"80%\">\n{TABLE_CELL1_FONT}\n{LOCATION}\n</font>\n</td>\n</tr>\n\n\n<tr>\n<td bgcolor=\"{TABLE_CELL2_COLOR}\" width=\"20%\">\n{TABLE_CELL2_FONT}\n<b>Biography</b>\n</font>\n</td>\n\n<td bgcolor=\"{TABLE_CELL2_COLOR}\" width=\"80%\">\n{TABLE_CELL2_FONT}\n{BIOGRAPHY}\n</font>\n</td>\n</tr>\n\n\n<tr>\n<td bgcolor=\"{TABLE_CELL1_COLOR}\" width=\"20%\">\n{TABLE_CELL1_FONT}\n<b>ICQ Number</b>\n</font>\n</td>\n\n<td bgcolor=\"{TABLE_CELL1_COLOR}\" width=\"80%\">\n{TABLE_CELL1_FONT}\n{ICQ_NUMBER}\n</font>\n</td>\n</tr>\n\n\n<tr>\n<td bgcolor=\"{TABLE_CELL2_COLOR}\" width=\"20%\">\n{TABLE_CELL2_FONT}\n<b>AOL Instant Messenger Handle</b>\n</font>\n</td>\n\n<td bgcolor=\"{TABLE_CELL2_COLOR}\" width=\"80%\">\n{TABLE_CELL2_FONT}\n{AIM_HANDLE}\n</font>\n</td>\n</tr>\n\n\n<tr>\n<td bgcolor=\"{TABLE_CELL1_COLOR}\" width=\"20%\">\n{TABLE_CELL1_FONT}\n<b>Yahoo! Messenger Handle</b>\n</font>\n</td>\n\n<td bgcolor=\"{TABLE_CELL1_COLOR}\" width=\"80%\">\n{TABLE_CELL1_FONT}\n{YAHOO_HANDLE}\n</font>\n</td>\n</tr>\n\n<tr>\n<td bgcolor=\"{TABLE_CELL2_COLOR}\" width=\"20%\">\n{TABLE_CELL2_FONT}\n<b>Time Offset</b>\n</font>\n</td>\n\n<td bgcolor=\"{TABLE_CELL2_COLOR}\" width=\"80%\">\n{TABLE_CELL2_FONT}\n<!-- Time offset is number in hours, i.e. +6, -3, etc. -->\nGMT {TIME_OFFSET}\n</font>\n</td>\n</tr>\n\n<!-- Shows link to edit profile if they are logged in as this user or the\nadministrator -->\n{EDIT_PROFILE_LINK}\n\n</td></tr></table>\n</td></tr></table>\n\n<br>\n', '{TABLE_CELL1_FONT}\n<b>\n:: <a href=\"{TRIVIA_MAIN_PAGE_LINK}\">{TRIVIA_SITE_NAME}</a> :: \n{USERNAME}</b> User Profile\n</b>\n</font>\n<br><br>\n\n<center>\n<table cellspacing=0 cellpadding=0 border=0 width=\"100%\">\n<tr><td bgcolor={TABLE_BORDER_COLOR}>\n<table cellpadding={TABLE_CELLPADDING}  cellspacing=\n{TABLE_BORDER_SIZE} border=0 width=100%>\n\n<td bgcolor=\"{TABLE_HEADER1_COLOR}\" width=\"100%\" align=center colspan=2>\n{TABLE_HEADER1_FONT}\n<big><b>{USERNAME}</b> User Profile</big>\n</font>\n</td></tr>\n\n<tr>\n<td bgcolor=\"{TABLE_CELL1_COLOR}\" width=\"20%\">\n{TABLE_CELL1_FONT}\n<b>Username</b>\n</font>\n</td>\n\n<td bgcolor=\"{TABLE_CELL1_COLOR}\" width=\"80%\">\n{TABLE_CELL1_FONT}\n<b>{USERNAME}</b>\n</font>\n</td>\n</tr>\n\n<tr>\n<td bgcolor=\"{TABLE_CELL2_COLOR}\" width=\"20%\">\n{TABLE_CELL2_FONT}\n<b>Date Registered</b>\n</font>\n</td>\n\n<td bgcolor=\"{TABLE_CELL2_COLOR}\" width=\"80%\">\n{TABLE_CELL2_FONT}\n<b>{DATE_REGISTERED}</b>\n</font>\n</td>\n</tr>\n\n<tr>\n<td bgcolor=\"{TABLE_CELL1_COLOR}\" width=\"20%\">\n{TABLE_CELL1_FONT}\n<b>Last Visited:</b>\n</font>\n</td>\n\n<td bgcolor=\"{TABLE_CELL1_COLOR}\" width=\"80%\">\n{TABLE_CELL1_FONT}\n<b>{LAST_VISIT_DATE}</b> at <b>{LAST_VISIT_TIME}</b>\n</font>\n</td>\n</tr>\n\n<tr>\n<td bgcolor=\"{TABLE_CELL2_COLOR}\" width=\"20%\">\n{TABLE_CELL2_FONT}\n<b>Total Games Played</b>\n</font>\n</td>\n\n<td bgcolor=\"{TABLE_CELL2_COLOR}\" width=\"80%\">\n{TABLE_CELL2_FONT}\n<b>{GAMES_PLAYED}</b>\n</font>\n</td>\n</tr>\n\n<tr>\n<td bgcolor=\"{TABLE_CELL1_COLOR}\" width=\"20%\">\n{TABLE_CELL1_FONT}\n<b>Last Game Played</b>\n</font>\n</td>\n\n<td bgcolor=\"{TABLE_CELL1_COLOR}\" width=\"80%\">\n{TABLE_CELL1_FONT}\n{LAST_GAME_PLAYED}\n</font>\n</td>\n</tr>\n\n<tr>\n<td bgcolor=\"{TABLE_CELL2_COLOR}\" width=\"20%\">\n{TABLE_CELL2_FONT}\n<b>Homepage</b>\n</font>\n</td>\n\n<td bgcolor=\"{TABLE_CELL2_COLOR}\" width=\"80%\">\n{TABLE_CELL2_FONT}\n<a href=\"{HOMEPAGE}\">{HOMEPAGE}</a>\n</font></td>\n</tr>\n\n\n<tr>\n<td bgcolor=\"{TABLE_CELL1_COLOR}\" width=\"20%\">\n{TABLE_CELL1_FONT}\n<b>Location</b>\n</font>\n</td>\n\n<td bgcolor=\"{TABLE_CELL1_COLOR}\" width=\"80%\">\n{TABLE_CELL1_FONT}\n{LOCATION}\n</font>\n</td>\n</tr>\n\n\n<tr>\n<td bgcolor=\"{TABLE_CELL2_COLOR}\" width=\"20%\">\n{TABLE_CELL2_FONT}\n<b>Biography</b>\n</font>\n</td>\n\n<td bgcolor=\"{TABLE_CELL2_COLOR}\" width=\"80%\">\n{TABLE_CELL2_FONT}\n{BIOGRAPHY}\n</font>\n</td>\n</tr>\n\n\n<tr>\n<td bgcolor=\"{TABLE_CELL1_COLOR}\" width=\"20%\">\n{TABLE_CELL1_FONT}\n<b>ICQ Number</b>\n</font>\n</td>\n\n<td bgcolor=\"{TABLE_CELL1_COLOR}\" width=\"80%\">\n{TABLE_CELL1_FONT}\n{ICQ_NUMBER}\n</font>\n</td>\n</tr>\n\n\n<tr>\n<td bgcolor=\"{TABLE_CELL2_COLOR}\" width=\"20%\">\n{TABLE_CELL2_FONT}\n<b>AOL Instant Messenger Handle</b>\n</font>\n</td>\n\n<td bgcolor=\"{TABLE_CELL2_COLOR}\" width=\"80%\">\n{TABLE_CELL2_FONT}\n{AIM_HANDLE}\n</font>\n</td>\n</tr>\n\n\n<tr>\n<td bgcolor=\"{TABLE_CELL1_COLOR}\" width=\"20%\">\n{TABLE_CELL1_FONT}\n<b>Yahoo! Messenger Handle</b>\n</font>\n</td>\n\n<td bgcolor=\"{TABLE_CELL1_COLOR}\" width=\"80%\">\n{TABLE_CELL1_FONT}\n{YAHOO_HANDLE}\n</font>\n</td>\n</tr>\n\n<tr>\n<td bgcolor=\"{TABLE_CELL2_COLOR}\" width=\"20%\">\n{TABLE_CELL2_FONT}\n<b>Time Offset</b>\n</font>\n</td>\n\n<td bgcolor=\"{TABLE_CELL2_COLOR}\" width=\"80%\">\n{TABLE_CELL2_FONT}\n<!-- Time offset is number in hours, i.e. +6, -3, etc. -->\nGMT {TIME_OFFSET}\n</font>\n</td>\n</tr>\n\n<!-- Shows link to edit profile if they are logged in as this user or the\nadministrator -->\n{EDIT_PROFILE_LINK}\n\n</td></tr></table>\n</td></tr></table>\n\n<br>\n', '0', '0');
INSERT INTO ts_templates (id, the_key, description, data, default_data, parent, changed) VALUES ( '31', 'GAME_SECTION', 'Header for a game section', '<tr>\n<td bgcolor=\"{TABLE_HEADER2_COLOR}\" width=\"100%\" colspan=5>\n{TABLE_HEADER2_FONT}\n<b><big>{GAME_SECTION_NAME}</big></b> &nbsp;&nbsp; <small>{GAME_SECTION_DESCRIPTION}</small>\n</font>\n</td>\n</tr>', '<tr>\n<td bgcolor=\"{TABLE_HEADER2_COLOR}\" width=\"100%\" colspan=5>\n{TABLE_HEADER2_FONT}\n<b><big>{GAME_SECTION_NAME}</big></b> &nbsp;&nbsp; <small>{GAME_SECTION_DESCRIPTION}</small>\n</font>\n</td>\n</tr>', '2', '0');
INSERT INTO ts_templates (id, the_key, description, data, default_data, parent, changed) VALUES ( '16', 'EDIT_PROFILE_LINK', 'Link shown on the profile page to edit the profile if the user is logged in.', '<tr><td bgcolor=\"{TABLE_HEADER1_COLOR}\" width=\"100%\" align=center colspan=2>\n{TABLE_HEADER1_FONT}\n<small><b>\n<a href=\"{EDIT_PROFILE_LINK}\" class=header1link>Edit Profile</a>\n</b></small>\n</font>\n</td></tr>', '<tr><td bgcolor=\"{TABLE_HEADER1_COLOR}\" width=\"100%\" align=center colspan=2>\n{TABLE_HEADER1_FONT}\n<small><b>\n<a href=\"{EDIT_PROFILE_LINK}\" class=header1link>Edit Profile</a>\n</b></small>\n</font>\n</td></tr>', '15', '0');
INSERT INTO ts_templates (id, the_key, description, data, default_data, parent, changed) VALUES ( '17', 'LAST_GAME_PLAYED', 'Displays information about the last game the user played.', '<b><a href=\"{LAST_GAME_LINK}\" class=cell1link>{LAST_GAME_NAME}</a></b> on <b>{LAST_GAME_DATE}</b> at <b>{LAST_GAME_TIME}</b> &nbsp;&nbsp; (Score: <b>{LAST_GAME_SCORE}</b>)', '<b><a href=\"{LAST_GAME_LINK}\" class=cell1link>{LAST_GAME_NAME}</a></b> on <b>{LAST_GAME_DATE}</b> at <b>{LAST_GAME_TIME}</b> &nbsp;&nbsp; (Score: <b>{LAST_GAME_SCORE}</b>)', '15', '0');
INSERT INTO ts_templates (id, the_key, description, data, default_data, parent, changed) VALUES ( '18', 'LAST_GAME_PLAYED_NONE', 'Shown when the user has not played any games.', '(Never played)', '(Never played)', '15', '0');
INSERT INTO ts_templates (id, the_key, description, data, default_data, parent, changed) VALUES ( '19', 'LOGIN_FORM', 'Form which allows users to login to the site.', '<table cellspacing=0 cellpadding=0 border=0>\n<tr><td bgcolor={TABLE_BORDER_COLOR}>\n<table cellpadding={TABLE_CELLPADDING}  cellspacing={TABLE_BORDER_SIZE} border=0 width=100%>\n\n<td bgcolor=\"{TABLE_CELL1_COLOR}\" align=center>\n{TABLE_CELL1_FONT}\n<small>\n<form method=POST action=\"{SUBMIT_TO}\"><b>Username:</b> <input name=ts_username size=10 class=\"input\"> \n\n<!-- these are important, do not remove or edit them -->\n<input type=hidden name=\"forward_to\" value=\"{FORWARD_TO}\">\n<input type=hidden name=\"fn\" value=\"login\"> \n<b>Password:</b> <input name=ts_password size=10 type=password class=\"input\"> &nbsp;&nbsp;\n\n<input type=checkbox name=\"remember\" value=1 class=input> <small>Remember my login/password &nbsp;&nbsp;\n\n<input type=submit value=Login class=\"button\"> \n<br>\n<a href=\"{FORGOT_INFO_LINK}\" class=\"darklink\">Forgot your username/password?</a>\n</small>\n</font>\n</td>\n</tr>\n</table></table>', '<table cellspacing=0 cellpadding=0 border=0>\n<tr><td bgcolor={TABLE_BORDER_COLOR}>\n<table cellpadding={TABLE_CELLPADDING}  cellspacing={TABLE_BORDER_SIZE} border=0 width=100%>\n\n<td bgcolor=\"{TABLE_CELL1_COLOR}\" align=center>\n{TABLE_CELL1_FONT}\n<small>\n<form method=POST action=\"{SUBMIT_TO}\"><b>Username:</b> <input name=ts_username size=10 class=\"input\"> \n\n<!-- these are important, do not remove or edit them -->\n<input type=hidden name=\"forward_to\" value=\"{FORWARD_TO}\">\n<input type=hidden name=\"fn\" value=\"login\"> \n<b>Password:</b> <input name=ts_password size=10 type=password class=\"input\"> &nbsp;&nbsp;\n\n<input type=checkbox name=\"remember\" value=1 class=input> <small>Remember my login/password &nbsp;&nbsp;\n\n<input type=submit value=Login class=\"button\"> \n<br>\n<a href=\"{FORGOT_INFO_LINK}\" class=\"darklink\">Forgot your username/password?</a>\n</small>\n</font>\n</td>\n</tr>\n</table></table>', '0', '0');
INSERT INTO ts_templates (id, the_key, description, data, default_data, parent, changed) VALUES ( '20', 'LOGOUT_FORM', 'Shown when a user is logged in. Gives them the option (link) to log out.', 'You are currently logged in as: <b>{USERNAME}</b>. &nbsp; <a href=\"{LOGOUT_LINK}\" class=\"darklink\">Logout</a>', 'You are currently logged in as: <b>{USERNAME}</b>. &nbsp; <a href=\"{LOGOUT_LINK}\" class=\"darklink\">Logout</a>', '0', '0');
INSERT INTO ts_templates (id, the_key, description, data, default_data, parent, changed) VALUES ( '21', 'MESSAGE', 'A message displayed to the user (thanks for signing up, error, bad login, logging you in, etc.).', '<br><br><center>\n<table cellspacing=0 cellpadding=0 border=0 width=\"75%\">\n<tr><td bgcolor={TABLE_BORDER_COLOR}>\n<table cellpadding={TABLE_CELLPADDING}  cellspacing=\n{TABLE_BORDER_SIZE} border=0 width=100%>\n<td bgcolor=\"{TABLE_HEADER1_COLOR}\" width=\"100%\">\n{TABLE_HEADER1_FONT}\n<b>TriviaShock Message</b>\n</font>\n</td></tr>\n\n<tr>\n<td bgcolor=\"{TABLE_CELL1_COLOR}\" width=\"100%\">\n{TABLE_CELL1_FONT}\n{MESSAGE}\n</font>\n</td></tr></table>\n</td></tr></table>\n</center>\n<br><br>', '<br><br><center>\n<table cellspacing=0 cellpadding=0 border=0 width=\"75%\">\n<tr><td bgcolor={TABLE_BORDER_COLOR}>\n<table cellpadding={TABLE_CELLPADDING}  cellspacing=\n{TABLE_BORDER_SIZE} border=0 width=100%>\n<td bgcolor=\"{TABLE_HEADER1_COLOR}\" width=\"100%\">\n{TABLE_HEADER1_FONT}\n<b>TriviaShock Message</b>\n</font>\n</td></tr>\n\n<tr>\n<td bgcolor=\"{TABLE_CELL1_COLOR}\" width=\"100%\">\n{TABLE_CELL1_FONT}\n{MESSAGE}\n</font>\n</td></tr></table>\n</td></tr></table>\n</center>\n<br><br>', '0', '0');
INSERT INTO ts_templates (id, the_key, description, data, default_data, parent, changed) VALUES ( '22', 'ACTIVATION_EMAIL', 'Email mailed to new users. Contains account activation link.', 'Thank you for registering at {TRIVIA_SITE_NAME}. To activate your account so\nyou can start playing trivia games, point your web browser to the link below:\n\n{ACTIVATION_LINK}\n\n<a href=\"{ACTIVATION_LINK}\">Click here if you use AOL</a>\n\nMake sure to copy and paste the ENTIRE link into your browser (even if it\nhas been broken into two lines).\n\nYour user information is as follows:\n\nUsername: {USERNAME}\n\nPassword: {PASSWORD}\n\n\n--\nThank you,\n\n{TRIVIA_SITE_NAME} - Administrator\n{TRIVIA_SITE_URL}\n', 'Thank you for registering at {TRIVIA_SITE_NAME}. To activate your account so\nyou can start playing trivia games, point your web browser to the link below:\n\n{ACTIVATION_LINK}\n\n<a href=\"{ACTIVATION_LINK}\">Click here if you use AOL</a>\n\nMake sure to copy and paste the ENTIRE link into your browser (even if it\nhas been broken into two lines).\n\nYour user information is as follows:\n\nUsername: {USERNAME}\n\nPassword: {PASSWORD}\n\n\n--\nThank you,\n\n{TRIVIA_SITE_NAME} - Administrator\n{TRIVIA_SITE_URL}\n', '0', '0');
INSERT INTO ts_templates (id, the_key, description, data, default_data, parent, changed) VALUES ( '23', 'ACTIVATION_EMAIL_SUBJECT', 'The email subject line of the activation email sent to new user sign ups. Must be only text.', '{TRIVIA_SITE_NAME} - Activating your Account', '{TRIVIA_SITE_NAME} - Activating your Account', '22', '0');
INSERT INTO ts_templates (id, the_key, description, data, default_data, parent, changed) VALUES ( '24', 'FORGOT_INFO_FORM', 'Form given to user to allow them to retrive their forgotten/lost username and password.', '<br><br><center>\n<table cellspacing=0 cellpadding=0 border=0 width=\"75%\">\n<tr><td bgcolor={TABLE_BORDER_COLOR}>\n<table cellpadding={TABLE_CELLPADDING}  cellspacing=\n{TABLE_BORDER_SIZE} border=0 width=100%>\n<td bgcolor=\"{TABLE_HEADER1_COLOR}\" width=\"100%\">\n{TABLE_HEADER1_FONT}\n<b>Retrieve lost username/password</b>\n</font>\n</td></tr>\n\n<tr>\n<td bgcolor=\"{TABLE_CELL1_COLOR}\" width=\"100%\" align=center>\n{TABLE_CELL1_FONT}\n\nUse this form to retrieve your lost username and have your password reset. Enter the email address which you used when you registered. Your username and a temporary password will be emailed to that address.\n\n<br><br>\n\n<form method=POST action=\"{SUBMIT_TO}\">\n<b>Email Address:</b> <input name=email value=\"\" class=input> <input type=submit name=submit value=\"Submit\" class=button>\n</form>\n\n</font>\n</td></tr></table>\n</td></tr></table>\n</center>\n<br><br>\n\n', '<br><br><center>\n<table cellspacing=0 cellpadding=0 border=0 width=\"75%\">\n<tr><td bgcolor={TABLE_BORDER_COLOR}>\n<table cellpadding={TABLE_CELLPADDING}  cellspacing=\n{TABLE_BORDER_SIZE} border=0 width=100%>\n<td bgcolor=\"{TABLE_HEADER1_COLOR}\" width=\"100%\">\n{TABLE_HEADER1_FONT}\n<b>Retrieve lost username/password</b>\n</font>\n</td></tr>\n\n<tr>\n<td bgcolor=\"{TABLE_CELL1_COLOR}\" width=\"100%\" align=center>\n{TABLE_CELL1_FONT}\n\nUse this form to retrieve your lost username and have your password reset. Enter the email address which you used when you registered. Your username and a temporary password will be emailed to that address.\n\n<br><br>\n\n<form method=POST action=\"{SUBMIT_TO}\">\n<b>Email Address:</b> <input name=email value=\"\" class=input> <input type=submit name=submit value=\"Submit\" class=button>\n</form>\n\n</font>\n</td></tr></table>\n</td></tr></table>\n</center>\n<br><br>\n\n', '0', '0');
INSERT INTO ts_templates (id, the_key, description, data, default_data, parent, changed) VALUES ( '25', 'FORGOT_INFO_EMAIL', 'Email sent to a user which contains their username and password.', 'Your username and temporary password for {TRIVIA_SITE_NAME} is as follows:\n\nUsername: {USERNAME}\n\nPassword: {PASSWORD}\n\n\nYou can change your password by editing your profile.\n\n--\nThank you,\n{TRIVIA_SITE_NAME} - Administrators\n{TRIVIA_SITE_URL}', 'Your username and temporary password for {TRIVIA_SITE_NAME} is as follows:\n\nUsername: {USERNAME}\n\nPassword: {PASSWORD}\n\n\nYou can change your password by editing your profile.\n\n--\nThank you,\n{TRIVIA_SITE_NAME} - Administrators\n{TRIVIA_SITE_URL}', '0', '0');
INSERT INTO ts_templates (id, the_key, description, data, default_data, parent, changed) VALUES ( '26', 'FORGOT_INFO_EMAIL_SUBJECT', 'Subject line on the email sent when a user forgets their login information. Must be text only.', '{TRIVIA_SITE_NAME} - User Information', '{TRIVIA_SITE_NAME} - User Information', '25', '0');
INSERT INTO ts_templates (id, the_key, description, data, default_data, parent, changed) VALUES ( '27', 'FOOTER', 'HTML placed at the bottom of each page.', '<br><br>\n<center>{LOGIN_FORM}\n\n<br><br>\n\n{NORMAL_FONT}\n<small>The current time is: <b>{TIME}</b></small><br>\n\n<table cellspacing=0 cellpadding=0 border=0 width=\"75%\">\n<tr><td bgcolor=\"{TABLE_BORDER_COLOR}\">\n<table cellpadding={TABLE_CELLPADDING} cellspacing={TABLE_BORDER_SIZE} border=0 width=\"100%\">\n\n<tr><td bgcolor=\"{TABLE_CELL1_COLOR}\" width=\"100%\" align=center nowrap>\n{TABLE_CELL1_FONT}\n<b><a href=\"{HOME_SITE_URL}\" class=\"darklink\">{HOME_SITE_NAME}</a> &nbsp; :: &nbsp; <a href=\"{CONTACT_LINK}\" class=\"darklink\">Contact Us</a>\n&nbsp;&nbsp;&nbsp;\n</font>\n</td></tr></table>\n</table>\n\n<!-- End main tables, started in HEADER template -->\n</td></tr></table></td></tr></table>\n\n<!-- Link to control panel if user is logged in as administrator -->\n{CONTROL_PANEL_LINK}\n\n<!-- DO NOT REMOVE OR MODIFY COPYRIGHT AND \"POWERED BY\" NOTICES. YOU MUST LEAVE THEM FULLY VISIBLE TO BE IN COMPLIANCE WITH THE LICENSE TERMS -->\n<br><center><small>\nPowered by TriviaShock {TS_VERSION}<br>\nCopyright (c)2001-2002 Pineapple Technologies. All Rights Reserved.\n<br><br>\n<!-- DO NOT REMOVE OR MODIFY COPYRIGHT AND \"POWERED BY\" NOTICES. YOU MUST LEAVE THEM FULLY VISIBLE TO BE IN COMPLIANCE WITH THE LICENSE TERMS -->\n\n<!-- Your copyright notice, set via the control panel -->\n{COPYRIGHT_NOTICE}\n\n</small></center>\n\n<br>\n\n\n<!-- YOU CAN INCLUDE YOUR OWN FOOTER HERE, USING THE PHP require() FUNCTION -->\n', '<br><br>\n<center>{LOGIN_FORM}\n\n<br><br>\n\n{NORMAL_FONT}\n<small>The current time is: <b>{TIME}</b></small><br>\n\n<table cellspacing=0 cellpadding=0 border=0 width=\"75%\">\n<tr><td bgcolor=\"{TABLE_BORDER_COLOR}\">\n<table cellpadding={TABLE_CELLPADDING} cellspacing={TABLE_BORDER_SIZE} border=0 width=\"100%\">\n\n<tr><td bgcolor=\"{TABLE_CELL1_COLOR}\" width=\"100%\" align=center nowrap>\n{TABLE_CELL1_FONT}\n<b><a href=\"{HOME_SITE_URL}\" class=\"darklink\">{HOME_SITE_NAME}</a> &nbsp; :: &nbsp; <a href=\"{CONTACT_LINK}\" class=\"darklink\">Contact Us</a>\n&nbsp;&nbsp;&nbsp;\n</font>\n</td></tr></table>\n</table>\n\n<!-- End main tables, started in HEADER template -->\n</td></tr></table></td></tr></table>\n\n<!-- Link to control panel if user is logged in as administrator -->\n{CONTROL_PANEL_LINK}\n\n<!-- DO NOT REMOVE OR MODIFY COPYRIGHT AND \"POWERED BY\" NOTICES. YOU MUST LEAVE THEM FULLY VISIBLE TO BE IN COMPLIANCE WITH THE LICENSE TERMS -->\n<br><center><small>\nPowered by TriviaShock {TS_VERSION}<br>\nCopyright (c)2001-2002 Pineapple Technologies. All Rights Reserved.\n<br><br>\n<!-- DO NOT REMOVE OR MODIFY COPYRIGHT AND \"POWERED BY\" NOTICES. YOU MUST LEAVE THEM FULLY VISIBLE TO BE IN COMPLIANCE WITH THE LICENSE TERMS -->\n\n<!-- Your copyright notice, set via the control panel -->\n{COPYRIGHT_NOTICE}\n\n</small></center>\n\n<br>\n\n\n<!-- YOU CAN INCLUDE YOUR OWN FOOTER HERE, USING THE PHP require() FUNCTION -->\n', '0', '0');
INSERT INTO ts_templates (id, the_key, description, data, default_data, parent, changed) VALUES ( '28', 'COPPA_NOTICE', 'Notice displayed before a user registers. It asks them their age.', '<table cellspacing=0 cellpadding=0 border=0 width=\"100%\">\n<tr><td bgcolor={TABLE_BORDER_COLOR}>\n<table cellpadding={TABLE_CELLPADDING}  cellspacing=\n{TABLE_BORDER_SIZE} border=0 width=100%>\n\n<tr>\n<td bgcolor=\"{TABLE_HEADER1_COLOR}\" width=\"100%\" align=center colspan=2>\n{TABLE_HEADER1_FONT}\n<b>Register at {TRIVIA_SITE_NAME}</b>\n</font>\n</td></tr>\n\n<tr>\n<td bgcolor=\"{TABLE_CELL1_COLOR}\" width=\"100%\" align=center>\n{TABLE_CELL1_FONT}\nBefore registering, please click the appropriate link below:<br><br>\n\n<a href=\"{OVER_13_LINK}\">I am 13 years old or over</a>\n\n<br><br>\n\n<a href=\"{UNDER_13_LINK}\">I am under 13 years old</a>\n\n<br><br>\n\nTo learn about how this site uses your information, please read our <a href=\"{PRIVACY_LINK}\" target=\"_blank\">privacy policy</a>\n\n</font>\n</td>\n\n</tr>\n\n</table>\n</td></tr></table>\n', '<table cellspacing=0 cellpadding=0 border=0 width=\"100%\">\n<tr><td bgcolor={TABLE_BORDER_COLOR}>\n<table cellpadding={TABLE_CELLPADDING}  cellspacing=\n{TABLE_BORDER_SIZE} border=0 width=100%>\n\n<tr>\n<td bgcolor=\"{TABLE_HEADER1_COLOR}\" width=\"100%\" align=center colspan=2>\n{TABLE_HEADER1_FONT}\n<b>Register at {TRIVIA_SITE_NAME}</b>\n</font>\n</td></tr>\n\n<tr>\n<td bgcolor=\"{TABLE_CELL1_COLOR}\" width=\"100%\" align=center>\n{TABLE_CELL1_FONT}\nBefore registering, please click the appropriate link below:<br><br>\n\n<a href=\"{OVER_13_LINK}\">I am 13 years old or over</a>\n\n<br><br>\n\n<a href=\"{UNDER_13_LINK}\">I am under 13 years old</a>\n\n<br><br>\n\nTo learn about how this site uses your information, please read our <a href=\"{PRIVACY_LINK}\" target=\"_blank\">privacy policy</a>\n\n</font>\n</td>\n\n</tr>\n\n</table>\n</td></tr></table>\n', '0', '0');
INSERT INTO ts_templates (id, the_key, description, data, default_data, parent, changed) VALUES ( '29', 'COPPA_FORM', 'Parental permission form displayed for users under 13 years of age who want to register.', '{NORMAL_FONT}\n\nTo maintain compliance with COPPA (<a href=\"http://www.ftc.gov/opa/1999/9910/childfinal.htm\" target=\"_blank\">http://www.ftc.gov/opa/1999/9910/childfinal.htm</a>), our policy does not allow children under 13 years of age to sign up on this site without parental permission.\n\n<br><br>\n\nPlease read our <a href=\"{PRIVACY_LINK}\" target=\"_blank\">privacy policy</a> to learn how this site uses personal information.\n\n<br><br>\n\nThe form below should be printed and filled out by a parent or guardian\nof the person under 13 wishing to register on this site. The form can\nthen be faxed or mailed in:<br><br>\n\n<blockquote><blockquote>\n\n<b>Fax Number:</b> {COPPA_FAX_NUMBER}<br><br>\n\n<b>Address:</b><br>\n<pre>\n{COPPA_ADDRESS}\n</pre>\n\n</blockquote></blockquote>\n\n<br>\n<center>\n\n<table cellspacing=0 cellpadding=0 border=0 width=\"100%\">\n<tr><td bgcolor={TABLE_BORDER_COLOR}>\n<table cellpadding={TABLE_CELLPADDING}  cellspacing=\n{TABLE_BORDER_SIZE} border=0 width=100%>\n\n<tr>\n<td bgcolor=\"{TABLE_CELL2_COLOR}\" width=\"100%\" align=center colspan=2>\n{TABLE_CELL2_FONT}\n<b>Required Information</b>\n</font>\n</td></tr>\n\n<tr>\n<td bgcolor=\"{TABLE_CELL1_COLOR}\" width=\"25%\">\n{TABLE_CELL1_FONT}\n<b>Username</b>\n</font>\n</td>\n\n<td bgcolor=\"{TABLE_CELL1_COLOR}\" width=\"75%\">\n&nbsp;\n</td>\n</tr>\n\n<tr>\n<td bgcolor=\"{TABLE_CELL1_COLOR}\" width=\"25%\">\n{TABLE_CELL1_FONT}\n<b>Password</b>\n</font>\n</td>\n\n<td bgcolor=\"{TABLE_CELL1_COLOR}\" width=\"75%\">\n&nbsp;\n</td>\n</tr>\n\n<tr>\n<td bgcolor=\"{TABLE_CELL1_COLOR}\" width=\"25%\">\n{TABLE_CELL1_FONT}\n<b>Email</b><br>\n<small>This will not be visible to other users</small>\n</font>\n</td>\n\n<td bgcolor=\"{TABLE_CELL1_COLOR}\" width=\"75%\">\n&nbsp;\n</td>\n</tr>\n\n\n<tr>\n<td bgcolor=\"{TABLE_CELL2_COLOR}\" width=\"100%\" align=center colspan=2>\n{TABLE_CELL2_FONT}\n<b>Optional Information</b> - <small>Visible to other visitors on this site</small>\n</font>\n</td></tr>\n\n<tr>\n<td bgcolor=\"{TABLE_CELL1_COLOR}\" width=\"25%\">\n{TABLE_CELL1_FONT}\n<b>Homepage</b>\n</font>\n</td>\n\n<td bgcolor=\"{TABLE_CELL1_COLOR}\" width=\"75%\">\n&nbsp;\n</td>\n</tr>\n\n<tr>\n<td bgcolor=\"{TABLE_CELL1_COLOR}\" width=\"25%\">\n{TABLE_CELL1_FONT}\n<b>Location</b>\n</font>\n</td>\n\n<td bgcolor=\"{TABLE_CELL1_COLOR}\" width=\"75%\">\n&nbsp;\n</td>\n</tr>\n\n<tr>\n<td bgcolor=\"{TABLE_CELL1_COLOR}\" width=\"25%\">\n{TABLE_CELL1_FONT}\n<b>Biography</b>\n</font>\n</td>\n\n<td bgcolor=\"{TABLE_CELL1_COLOR}\" width=\"75%\">\n<br><br><br><br><br><br>\n</td>\n</tr>\n\n<tr>\n<td bgcolor=\"{TABLE_CELL1_COLOR}\" width=\"25%\">\n{TABLE_CELL1_FONT}\n<b>ICQ Number</b>\n</font>\n</td>\n\n<td bgcolor=\"{TABLE_CELL1_COLOR}\" width=\"75%\">\n&nbsp;\n</td>\n</tr>\n\n<tr>\n<td bgcolor=\"{TABLE_CELL1_COLOR}\" width=\"25%\">\n{TABLE_CELL1_FONT}\n<b>AOL Instant Messenger Handle</b>\n</font>\n</td>\n\n<td bgcolor=\"{TABLE_CELL1_COLOR}\" width=\"75%\">\n&nbsp;\n</td>\n</tr>\n\n<tr>\n<td bgcolor=\"{TABLE_CELL1_COLOR}\" width=\"25%\">\n{TABLE_CELL1_FONT}\n<b>Yahoo! Messenger Handle</b>\n</font>\n</td>\n\n<td bgcolor=\"{TABLE_CELL1_COLOR}\" width=\"75%\">\n&nbsp;\n</td>\n</tr>\n\n<tr>\n<td bgcolor=\"{TABLE_CELL1_COLOR}\" width=\"25%\">\n{TABLE_CELL1_FONT}\n<b>Yahoo! Messenger Handle</b>\n</font>\n</td>\n\n<td bgcolor=\"{TABLE_CELL1_COLOR}\" width=\"75%\">\n&nbsp;\n</td>\n</tr>\n\n<tr>\n<td bgcolor=\"{TABLE_CELL1_COLOR}\" width=\"25%\">\n{TABLE_CELL1_FONT}\n<b>Time Offset</b><br>\n<small>\nThe offset of your time zone relative to GMT (i.e. -6, which is CST).\n</font>\n</td>\n\n<td bgcolor=\"{TABLE_CELL1_COLOR}\" width=\"75%\">\n&nbsp;\n</td>\n</tr>\n\n<tr>\n<td bgcolor=\"{TABLE_CELL2_COLOR}\" width=\"100%\" align=center colspan=2>\n{TABLE_CELL2_FONT}\n<b>Parental Permission</b>\n</font>\n</td></tr>\n\n<tr>\n<td bgcolor=\"{TABLE_CELL1_COLOR}\" width=\"25%\">\n{TABLE_CELL1_FONT}\n<b>Parent or Guardian\'s Full Name</b>\n</font>\n</td>\n\n<td bgcolor=\"{TABLE_CELL1_COLOR}\" width=\"75%\">\n&nbsp;\n</td>\n</tr>\n\n<tr>\n<td bgcolor=\"{TABLE_CELL1_COLOR}\" width=\"25%\">\n{TABLE_CELL1_FONT}\n<b>Parent or Guardian\'s Email Address</b>\n</font>\n</td>\n\n<td bgcolor=\"{TABLE_CELL1_COLOR}\" width=\"75%\">\n&nbsp;\n</td>\n</tr>\n\n<tr>\n<td bgcolor=\"{TABLE_CELL1_COLOR}\" width=\"25%\">\n{TABLE_CELL1_FONT}\n<b>Parent or Guardian\'s Phone Number</b>\n</font>\n</td>\n\n<td bgcolor=\"{TABLE_CELL1_COLOR}\" width=\"75%\">\n&nbsp;\n</td>\n</tr>\n\n\n<tr>\n<td bgcolor=\"{TABLE_CELL1_COLOR}\" width=\"25%\">\n{TABLE_CELL1_FONT}\n<b>Parent/Guardian\'s Signature</b><br>\n<small>Authorizing your child to register on this web site.</small>\n</font>\n</td>\n\n<td bgcolor=\"{TABLE_CELL1_COLOR}\" width=\"75%\">\nX_____________________________________\n</td>\n</tr>\n\n\n<tr>\n<td bgcolor=\"{TABLE_CELL1_COLOR}\" width=\"25%\">\n{TABLE_CELL1_FONT}\n<b>Date</b>\n</font>\n</td>\n\n<td bgcolor=\"{TABLE_CELL1_COLOR}\" width=\"75%\">\n&nbsp;\n</td>\n</tr>\n\n\n</table></td></tr></table>\n', '{NORMAL_FONT}\n\nTo maintain compliance with COPPA (<a href=\"http://www.ftc.gov/opa/1999/9910/childfinal.htm\" target=\"_blank\">http://www.ftc.gov/opa/1999/9910/childfinal.htm</a>), our policy does not allow children under 13 years of age to sign up on this site without parental permission.\n\n<br><br>\n\nPlease read our <a href=\"{PRIVACY_LINK}\" target=\"_blank\">privacy policy</a> to learn how this site uses personal information.\n\n<br><br>\n\nThe form below should be printed and filled out by a parent or guardian\nof the person under 13 wishing to register on this site. The form can\nthen be faxed or mailed in:<br><br>\n\n<blockquote><blockquote>\n\n<b>Fax Number:</b> {COPPA_FAX_NUMBER}<br><br>\n\n<b>Address:</b><br>\n<pre>\n{COPPA_ADDRESS}\n</pre>\n\n</blockquote></blockquote>\n\n<br>\n<center>\n\n<table cellspacing=0 cellpadding=0 border=0 width=\"100%\">\n<tr><td bgcolor={TABLE_BORDER_COLOR}>\n<table cellpadding={TABLE_CELLPADDING}  cellspacing=\n{TABLE_BORDER_SIZE} border=0 width=100%>\n\n<tr>\n<td bgcolor=\"{TABLE_CELL2_COLOR}\" width=\"100%\" align=center colspan=2>\n{TABLE_CELL2_FONT}\n<b>Required Information</b>\n</font>\n</td></tr>\n\n<tr>\n<td bgcolor=\"{TABLE_CELL1_COLOR}\" width=\"25%\">\n{TABLE_CELL1_FONT}\n<b>Username</b>\n</font>\n</td>\n\n<td bgcolor=\"{TABLE_CELL1_COLOR}\" width=\"75%\">\n&nbsp;\n</td>\n</tr>\n\n<tr>\n<td bgcolor=\"{TABLE_CELL1_COLOR}\" width=\"25%\">\n{TABLE_CELL1_FONT}\n<b>Password</b>\n</font>\n</td>\n\n<td bgcolor=\"{TABLE_CELL1_COLOR}\" width=\"75%\">\n&nbsp;\n</td>\n</tr>\n\n<tr>\n<td bgcolor=\"{TABLE_CELL1_COLOR}\" width=\"25%\">\n{TABLE_CELL1_FONT}\n<b>Email</b><br>\n<small>This will not be visible to other users</small>\n</font>\n</td>\n\n<td bgcolor=\"{TABLE_CELL1_COLOR}\" width=\"75%\">\n&nbsp;\n</td>\n</tr>\n\n\n<tr>\n<td bgcolor=\"{TABLE_CELL2_COLOR}\" width=\"100%\" align=center colspan=2>\n{TABLE_CELL2_FONT}\n<b>Optional Information</b> - <small>Visible to other visitors on this site</small>\n</font>\n</td></tr>\n\n<tr>\n<td bgcolor=\"{TABLE_CELL1_COLOR}\" width=\"25%\">\n{TABLE_CELL1_FONT}\n<b>Homepage</b>\n</font>\n</td>\n\n<td bgcolor=\"{TABLE_CELL1_COLOR}\" width=\"75%\">\n&nbsp;\n</td>\n</tr>\n\n<tr>\n<td bgcolor=\"{TABLE_CELL1_COLOR}\" width=\"25%\">\n{TABLE_CELL1_FONT}\n<b>Location</b>\n</font>\n</td>\n\n<td bgcolor=\"{TABLE_CELL1_COLOR}\" width=\"75%\">\n&nbsp;\n</td>\n</tr>\n\n<tr>\n<td bgcolor=\"{TABLE_CELL1_COLOR}\" width=\"25%\">\n{TABLE_CELL1_FONT}\n<b>Biography</b>\n</font>\n</td>\n\n<td bgcolor=\"{TABLE_CELL1_COLOR}\" width=\"75%\">\n<br><br><br><br><br><br>\n</td>\n</tr>\n\n<tr>\n<td bgcolor=\"{TABLE_CELL1_COLOR}\" width=\"25%\">\n{TABLE_CELL1_FONT}\n<b>ICQ Number</b>\n</font>\n</td>\n\n<td bgcolor=\"{TABLE_CELL1_COLOR}\" width=\"75%\">\n&nbsp;\n</td>\n</tr>\n\n<tr>\n<td bgcolor=\"{TABLE_CELL1_COLOR}\" width=\"25%\">\n{TABLE_CELL1_FONT}\n<b>AOL Instant Messenger Handle</b>\n</font>\n</td>\n\n<td bgcolor=\"{TABLE_CELL1_COLOR}\" width=\"75%\">\n&nbsp;\n</td>\n</tr>\n\n<tr>\n<td bgcolor=\"{TABLE_CELL1_COLOR}\" width=\"25%\">\n{TABLE_CELL1_FONT}\n<b>Yahoo! Messenger Handle</b>\n</font>\n</td>\n\n<td bgcolor=\"{TABLE_CELL1_COLOR}\" width=\"75%\">\n&nbsp;\n</td>\n</tr>\n\n<tr>\n<td bgcolor=\"{TABLE_CELL1_COLOR}\" width=\"25%\">\n{TABLE_CELL1_FONT}\n<b>Yahoo! Messenger Handle</b>\n</font>\n</td>\n\n<td bgcolor=\"{TABLE_CELL1_COLOR}\" width=\"75%\">\n&nbsp;\n</td>\n</tr>\n\n<tr>\n<td bgcolor=\"{TABLE_CELL1_COLOR}\" width=\"25%\">\n{TABLE_CELL1_FONT}\n<b>Time Offset</b><br>\n<small>\nThe offset of your time zone relative to GMT (i.e. -6, which is CST).\n</font>\n</td>\n\n<td bgcolor=\"{TABLE_CELL1_COLOR}\" width=\"75%\">\n&nbsp;\n</td>\n</tr>\n\n<tr>\n<td bgcolor=\"{TABLE_CELL2_COLOR}\" width=\"100%\" align=center colspan=2>\n{TABLE_CELL2_FONT}\n<b>Parental Permission</b>\n</font>\n</td></tr>\n\n<tr>\n<td bgcolor=\"{TABLE_CELL1_COLOR}\" width=\"25%\">\n{TABLE_CELL1_FONT}\n<b>Parent or Guardian\'s Full Name</b>\n</font>\n</td>\n\n<td bgcolor=\"{TABLE_CELL1_COLOR}\" width=\"75%\">\n&nbsp;\n</td>\n</tr>\n\n<tr>\n<td bgcolor=\"{TABLE_CELL1_COLOR}\" width=\"25%\">\n{TABLE_CELL1_FONT}\n<b>Parent or Guardian\'s Email Address</b>\n</font>\n</td>\n\n<td bgcolor=\"{TABLE_CELL1_COLOR}\" width=\"75%\">\n&nbsp;\n</td>\n</tr>\n\n<tr>\n<td bgcolor=\"{TABLE_CELL1_COLOR}\" width=\"25%\">\n{TABLE_CELL1_FONT}\n<b>Parent or Guardian\'s Phone Number</b>\n</font>\n</td>\n\n<td bgcolor=\"{TABLE_CELL1_COLOR}\" width=\"75%\">\n&nbsp;\n</td>\n</tr>\n\n\n<tr>\n<td bgcolor=\"{TABLE_CELL1_COLOR}\" width=\"25%\">\n{TABLE_CELL1_FONT}\n<b>Parent/Guardian\'s Signature</b><br>\n<small>Authorizing your child to register on this web site.</small>\n</font>\n</td>\n\n<td bgcolor=\"{TABLE_CELL1_COLOR}\" width=\"75%\">\nX_____________________________________\n</td>\n</tr>\n\n\n<tr>\n<td bgcolor=\"{TABLE_CELL1_COLOR}\" width=\"25%\">\n{TABLE_CELL1_FONT}\n<b>Date</b>\n</font>\n</td>\n\n<td bgcolor=\"{TABLE_CELL1_COLOR}\" width=\"75%\">\n&nbsp;\n</td>\n</tr>\n\n\n</table></td></tr></table>\n', '0', '0');
INSERT INTO ts_templates (id, the_key, description, data, default_data, parent, changed) VALUES ( '30', 'PRIVACY_POLICY', 'The privacy policy for your trivia site, explaining how personal information is used.', '{NORMAL_FONT}\n\n<b>\n:: <a href=\"{TRIVIA_SITE_URL}\">{TRIVIA_SITE_NAME}</a> :: Privacy Policy</b>\n<br>\n\n<blockquote>\n\nWe respect your privacy. The information which is collected via the registration form is used only for internal purposes and is not disclosed to third parties.\n\n<br><br>\n\n<b>Protection of Information</b>\n\n<br><br>\n\nYour email address and password will never be visible to other users of this site. Only your username and the optional fields will be visible to other users. Your email address and other information is not disclosed to bulk email lists or any other third party.\n\n<br><br>\n\n<b>Usage Information</b>\n\n<br><br>\n\nStatistics on your usage and your information are used only for internal and logging purposes and are not disclosed to third parties. Any statistics or logs of usage that are disclosed only represent the combined, generalized statistics of many users and in no way reveal any information that represents you personally.\n\n<br><br>\n\n<b>Right to Modify your Information</b>\n\n<br><br>\n\nYou will be allowed to modify all of your registration information (excluding your username and password) at any time by clicking the \"Profile\" link and logging in.\n\n<br><br>\n\n<b>Use of Cookies</b>\n\n<br><br>\n\nCookies are used to store your username and password on your local computer when you log in. This will <i>not</i> make your username and password available to any other users. It is used only so that you can remain logged into the site and be automatically logged in on repeat visits (if you specify).\n\n</blockquote>\n\n', '{NORMAL_FONT}\n\n<b>\n:: <a href=\"{TRIVIA_SITE_URL}\">{TRIVIA_SITE_NAME}</a> :: Privacy Policy</b>\n<br>\n\n<blockquote>\n\nWe respect your privacy. The information which is collected via the registration form is used only for internal purposes and is not disclosed to third parties.\n\n<br><br>\n\n<b>Protection of Information</b>\n\n<br><br>\n\nYour email address and password will never be visible to other users of this site. Only your username and the optional fields will be visible to other users. Your email address and other information is not disclosed to bulk email lists or any other third party.\n\n<br><br>\n\n<b>Usage Information</b>\n\n<br><br>\n\nStatistics on your usage and your information are used only for internal and logging purposes and are not disclosed to third parties. Any statistics or logs of usage that are disclosed only represent the combined, generalized statistics of many users and in no way reveal any information that represents you personally.\n\n<br><br>\n\n<b>Right to Modify your Information</b>\n\n<br><br>\n\nYou will be allowed to modify all of your registration information (excluding your username and password) at any time by clicking the \"Profile\" link and logging in.\n\n<br><br>\n\n<b>Use of Cookies</b>\n\n<br><br>\n\nCookies are used to store your username and password on your local computer when you log in. This will <i>not</i> make your username and password available to any other users. It is used only so that you can remain logged into the site and be automatically logged in on repeat visits (if you specify).\n\n</blockquote>\n\n', '0', '0');

DROP TABLE IF EXISTS ts_users;
CREATE TABLE ts_users (  id int(10) unsigned NOT NULL auto_increment,  username varchar(20) default NULL,  password varchar(32) default NULL,  email varchar(100) default NULL,  level tinyint(3) unsigned NOT NULL default '0',  time_offset tinyint(4) NOT NULL default '0',  homepage varchar(100) NOT NULL default '',  location varchar(50) NOT NULL default '',  biography text NOT NULL,  icq_number varchar(25) NOT NULL default '',  aim_handle varchar(25) NOT NULL default '',  yahoo_handle varchar(25) NOT NULL default '',  activation_key mediumint(5) unsigned NOT NULL default '0',  date_registered int(10) unsigned NOT NULL default '0',  last_visit_time int(10) unsigned NOT NULL default '0',  games_played mediumint(8) unsigned NOT NULL default '0',  PRIMARY KEY  (id),  UNIQUE KEY ID (id),  KEY username (username),  KEY password (password),  KEY level (level),  KEY email (email)) TYPE=MyISAM;
INSERT INTO ts_users ( username, level ) VALUES ( 'Admin', 2 );

